id,source_message_id,prediction_id,reviewer,decision,original_prediction_json,corrected_event_json,changed_fields_json,review_notes,reviewed_at
1,acceptance-001,1,AcceptanceReviewer,APPROVED,"{
  ""source_message_id"": ""acceptance-001"",
  ""raw_text"": ""SELL 50% NIFTY"",
  ""normalized_text"": ""SELL 50% NIFTY"",
  ""record_type"": ""TRADE_ACTION"",
  ""ml_action"": ""OPEN_SHORT"",
  ""ml_confidence"": 0.6199510319346242,
  ""rule_action"": ""REDUCE_POSITION"",
  ""final_action"": ""REDUCE_POSITION"",
  ""resolution_source"": ""RULE"",
  ""symbol_raw"": ""NIFTY"",
  ""symbol"": ""NIFTY"",
  ""symbols"": [
    ""NIFTY""
  ],
  ""market_group"": ""Indices"",
  ""contract_month"": null,
  ""strike_price"": null,
  ""option_type"": null,
  ""direction"": ""SHORT"",
  ""quantity_percent"": ""50"",
  ""quantity_basis"": ""CURRENT_HOLDING"",
  ""remaining_holding_multiplier"": ""0.5"",
  ""execution_prices"": [],
  ""execution_price_primary"": null,
  ""stop_loss"": null,
  ""targets"": [],
  ""is_correction"": false,
  ""is_conditional"": false,
  ""is_multi_instrument"": false,
  ""requires_context"": false,
  ""parent_source_message_id"": null,
  ""child_event_index"": null,
  ""related_source_message_id"": null,
  ""supersedes_event_id"": null,
  ""cancels_event_id"": null,
  ""auto_apply_eligible"": true,
  ""needs_review"": false,
  ""validation_errors"": [],
  ""validation_warnings"": []
}",,,,2026-07-01T04:53:08.255655+00:00
2,acceptance-002,2,AcceptanceReviewer,APPROVED,"{
  ""source_message_id"": ""acceptance-002"",
  ""raw_text"": ""SELL 50% NIFTY"",
  ""normalized_text"": ""SELL 50% NIFTY"",
  ""record_type"": ""TRADE_ACTION"",
  ""ml_action"": ""OPEN_SHORT"",
  ""ml_confidence"": 0.6199510319346242,
  ""rule_action"": ""REDUCE_POSITION"",
  ""final_action"": ""REDUCE_POSITION"",
  ""resolution_source"": ""RULE"",
  ""symbol_raw"": ""NIFTY"",
  ""symbol"": ""NIFTY"",
  ""symbols"": [
    ""NIFTY""
  ],
  ""market_group"": ""Indices"",
  ""contract_month"": null,
  ""strike_price"": null,
  ""option_type"": null,
  ""direction"": ""SHORT"",
  ""quantity_percent"": ""50"",
  ""quantity_basis"": ""CURRENT_HOLDING"",
  ""remaining_holding_multiplier"": ""0.5"",
  ""execution_prices"": [],
  ""execution_price_primary"": null,
  ""stop_loss"": null,
  ""targets"": [],
  ""is_correction"": false,
  ""is_conditional"": false,
  ""is_multi_instrument"": false,
  ""requires_context"": false,
  ""parent_source_message_id"": null,
  ""child_event_index"": null,
  ""related_source_message_id"": null,
  ""supersedes_event_id"": null,
  ""cancels_event_id"": null,
  ""auto_apply_eligible"": true,
  ""needs_review"": false,
  ""validation_errors"": [],
  ""validation_warnings"": []
}",,,,2026-07-01T04:53:08.285492+00:00
3,acceptance-reval-latest,4,AcceptanceReviewer,APPROVED,"{
  ""source_message_id"": ""acceptance-reval-latest"",
  ""raw_text"": ""SELL 20% NIFTY"",
  ""normalized_text"": ""SELL 20% NIFTY"",
  ""record_type"": ""TRADE_ACTION"",
  ""ml_action"": ""OPEN_SHORT"",
  ""ml_confidence"": 0.5549620920050097,
  ""rule_action"": ""REDUCE_POSITION"",
  ""final_action"": ""REDUCE_POSITION"",
  ""resolution_source"": ""RULE"",
  ""symbol_raw"": ""NIFTY"",
  ""symbol"": ""NIFTY"",
  ""symbols"": [
    ""NIFTY""
  ],
  ""market_group"": ""Indices"",
  ""contract_month"": null,
  ""strike_price"": null,
  ""option_type"": null,
  ""direction"": ""SHORT"",
  ""quantity_percent"": ""20"",
  ""quantity_basis"": ""CURRENT_HOLDING"",
  ""remaining_holding_multiplier"": ""0.8"",
  ""execution_prices"": [],
  ""execution_price_primary"": null,
  ""stop_loss"": null,
  ""targets"": [],
  ""is_correction"": false,
  ""is_conditional"": false,
  ""is_multi_instrument"": false,
  ""requires_context"": false,
  ""parent_source_message_id"": null,
  ""child_event_index"": null,
  ""related_source_message_id"": null,
  ""supersedes_event_id"": null,
  ""cancels_event_id"": null,
  ""auto_apply_eligible"": true,
  ""needs_review"": false,
  ""validation_errors"": [],
  ""validation_warnings"": []
}",,,,2026-07-01T04:53:08.322181+00:00
4,acceptance-reval-stale,3,AcceptanceReviewer,APPROVED,"{
  ""source_message_id"": ""acceptance-reval-stale"",
  ""raw_text"": ""SELL 50% NIFTY"",
  ""normalized_text"": ""SELL 50% NIFTY"",
  ""record_type"": ""TRADE_ACTION"",
  ""ml_action"": ""OPEN_SHORT"",
  ""ml_confidence"": 0.6199510319346242,
  ""rule_action"": ""REDUCE_POSITION"",
  ""final_action"": ""REDUCE_POSITION"",
  ""resolution_source"": ""RULE"",
  ""symbol_raw"": ""NIFTY"",
  ""symbol"": ""NIFTY"",
  ""symbols"": [
    ""NIFTY""
  ],
  ""market_group"": ""Indices"",
  ""contract_month"": null,
  ""strike_price"": null,
  ""option_type"": null,
  ""direction"": ""SHORT"",
  ""quantity_percent"": ""50"",
  ""quantity_basis"": ""CURRENT_HOLDING"",
  ""remaining_holding_multiplier"": ""0.5"",
  ""execution_prices"": [],
  ""execution_price_primary"": null,
  ""stop_loss"": null,
  ""targets"": [],
  ""is_correction"": false,
  ""is_conditional"": false,
  ""is_multi_instrument"": false,
  ""requires_context"": false,
  ""parent_source_message_id"": null,
  ""child_event_index"": null,
  ""related_source_message_id"": null,
  ""supersedes_event_id"": null,
  ""cancels_event_id"": null,
  ""auto_apply_eligible"": true,
  ""needs_review"": false,
  ""validation_errors"": [],
  ""validation_warnings"": []
}",,,,2026-07-01T04:53:08.332732+00:00
5,acceptance-003,5,AcceptanceReviewer,APPROVED_WITH_CORRECTION,"{
  ""source_message_id"": ""acceptance-003"",
  ""raw_text"": ""PART PROFIT BOOK IN NVDA"",
  ""normalized_text"": ""PART PROFIT BOOK IN NVDA"",
  ""record_type"": ""TRADE_ACTION"",
  ""ml_action"": ""REDUCE_POSITION"",
  ""ml_confidence"": 0.4871564316729287,
  ""rule_action"": ""REDUCE_POSITION"",
  ""final_action"": ""REDUCE_POSITION"",
  ""resolution_source"": ""RULE_AND_ML_AGREE"",
  ""symbol_raw"": ""NVDA"",
  ""symbol"": ""NVDA"",
  ""symbols"": [
    ""NVDA""
  ],
  ""market_group"": ""Equity"",
  ""contract_month"": null,
  ""strike_price"": null,
  ""option_type"": null,
  ""direction"": null,
  ""quantity_percent"": ""25"",
  ""quantity_basis"": ""CURRENT_HOLDING"",
  ""remaining_holding_multiplier"": ""0.75"",
  ""execution_prices"": [],
  ""execution_price_primary"": null,
  ""stop_loss"": null,
  ""targets"": [],
  ""is_correction"": false,
  ""is_conditional"": false,
  ""is_multi_instrument"": false,
  ""requires_context"": false,
  ""parent_source_message_id"": null,
  ""child_event_index"": null,
  ""related_source_message_id"": null,
  ""supersedes_event_id"": null,
  ""cancels_event_id"": null,
  ""auto_apply_eligible"": true,
  ""needs_review"": false,
  ""validation_errors"": [],
  ""validation_warnings"": []
}","{
  ""source_message_id"": ""acceptance-003"",
  ""raw_text"": ""PART PROFIT BOOK IN NVDA"",
  ""normalized_text"": ""PART PROFIT BOOK IN NVDA"",
  ""record_type"": ""TRADE_ACTION"",
  ""ml_action"": ""REDUCE_POSITION"",
  ""ml_confidence"": 0.4871564316729287,
  ""rule_action"": ""REDUCE_POSITION"",
  ""final_action"": ""REDUCE_POSITION"",
  ""resolution_source"": ""RULE_AND_ML_AGREE"",
  ""symbol_raw"": ""NVDA"",
  ""symbol"": ""NVDA"",
  ""symbols"": [
    ""NVDA""
  ],
  ""market_group"": ""Equity"",
  ""contract_month"": null,
  ""strike_price"": null,
  ""option_type"": null,
  ""direction"": null,
  ""quantity_percent"": ""50"",
  ""quantity_basis"": ""CURRENT_HOLDING"",
  ""remaining_holding_multiplier"": ""0.75"",
  ""execution_prices"": [],
  ""execution_price_primary"": null,
  ""stop_loss"": null,
  ""targets"": [],
  ""is_correction"": false,
  ""is_conditional"": false,
  ""is_multi_instrument"": false,
  ""requires_context"": false,
  ""parent_source_message_id"": null,
  ""child_event_index"": null,
  ""related_source_message_id"": null,
  ""supersedes_event_id"": null,
  ""cancels_event_id"": null,
  ""auto_apply_eligible"": true,
  ""needs_review"": false,
  ""validation_errors"": [],
  ""validation_warnings"": []
}","{""quantity_percent"": {""from"": ""25"", ""to"": ""50""}}",Acceptance correction to 50%,2026-07-01T04:53:08.356359+00:00
6,acceptance-004,6,AcceptanceReviewer,REJECTED,"{
  ""source_message_id"": ""acceptance-004"",
  ""raw_text"": ""BUY 50% AMD @160"",
  ""normalized_text"": ""BUY 50% AMD @160"",
  ""record_type"": ""TRADE_ACTION"",
  ""ml_action"": ""OPEN_LONG"",
  ""ml_confidence"": 0.28405786771332026,
  ""rule_action"": ""OPEN_LONG"",
  ""final_action"": ""OPEN_LONG"",
  ""resolution_source"": ""RULE_AND_ML_AGREE"",
  ""symbol_raw"": ""AMD"",
  ""symbol"": ""AMD"",
  ""symbols"": [
    ""AMD""
  ],
  ""market_group"": ""Equity"",
  ""contract_month"": null,
  ""strike_price"": null,
  ""option_type"": null,
  ""direction"": ""LONG"",
  ""quantity_percent"": ""50"",
  ""quantity_basis"": ""MODEL_ALLOCATION"",
  ""remaining_holding_multiplier"": null,
  ""execution_prices"": [
    ""160""
  ],
  ""execution_price_primary"": ""160"",
  ""stop_loss"": null,
  ""targets"": [],
  ""is_correction"": false,
  ""is_conditional"": false,
  ""is_multi_instrument"": false,
  ""requires_context"": false,
  ""parent_source_message_id"": null,
  ""child_event_index"": null,
  ""related_source_message_id"": null,
  ""supersedes_event_id"": null,
  ""cancels_event_id"": null,
  ""auto_apply_eligible"": true,
  ""needs_review"": false,
  ""validation_errors"": [],
  ""validation_warnings"": []
}",,,Acceptance rejection,2026-07-01T04:53:08.385159+00:00
7,acceptance-nontrade,7,AcceptanceReviewer,NON_TRADE,"{
  ""source_message_id"": ""acceptance-nontrade"",
  ""raw_text"": ""Market looks calm today"",
  ""normalized_text"": ""Market looks calm today"",
  ""record_type"": ""TRADE_ACTION"",
  ""ml_action"": ""MARKET_COMMENTARY"",
  ""ml_confidence"": 0.15534884303323923,
  ""rule_action"": null,
  ""final_action"": ""MARKET_COMMENTARY"",
  ""resolution_source"": ""ML"",
  ""symbol_raw"": null,
  ""symbol"": null,
  ""symbols"": [],
  ""market_group"": ""Commentary"",
  ""contract_month"": null,
  ""strike_price"": null,
  ""option_type"": null,
  ""direction"": null,
  ""quantity_percent"": null,
  ""quantity_basis"": ""UNKNOWN"",
  ""remaining_holding_multiplier"": null,
  ""execution_prices"": [],
  ""execution_price_primary"": null,
  ""stop_loss"": null,
  ""targets"": [],
  ""is_correction"": false,
  ""is_conditional"": false,
  ""is_multi_instrument"": false,
  ""requires_context"": false,
  ""parent_source_message_id"": null,
  ""child_event_index"": null,
  ""related_source_message_id"": null,
  ""supersedes_event_id"": null,
  ""cancels_event_id"": null,
  ""auto_apply_eligible"": false,
  ""needs_review"": true,
  ""validation_errors"": [],
  ""validation_warnings"": [
    ""Symbol missing; cannot auto-apply."",
    ""ML confidence 0.155 below review threshold 0.75.""
  ]
}",,,commentary,2026-07-01T04:53:08.408432+00:00
8,acceptance-context,8,AcceptanceReviewer,NEEDS_CONTEXT,"{
  ""source_message_id"": ""acceptance-context"",
  ""raw_text"": ""IF NIFTY BREAKS 26000 BUY"",
  ""normalized_text"": ""IF NIFTY BREAKS 26000 BUY"",
  ""record_type"": ""TRADE_CONTROL"",
  ""ml_action"": ""OPEN_LONG"",
  ""ml_confidence"": 0.20744549701104922,
  ""rule_action"": ""CONDITIONAL_INSTRUCTION"",
  ""final_action"": ""CONDITIONAL_INSTRUCTION"",
  ""resolution_source"": ""RULE"",
  ""symbol_raw"": ""NIFTY"",
  ""symbol"": ""NIFTY"",
  ""symbols"": [
    ""NIFTY""
  ],
  ""market_group"": ""Indices"",
  ""contract_month"": null,
  ""strike_price"": null,
  ""option_type"": null,
  ""direction"": ""LONG"",
  ""quantity_percent"": null,
  ""quantity_basis"": ""UNKNOWN"",
  ""remaining_holding_multiplier"": null,
  ""execution_prices"": [],
  ""execution_price_primary"": null,
  ""stop_loss"": null,
  ""targets"": [],
  ""is_correction"": false,
  ""is_conditional"": true,
  ""is_multi_instrument"": false,
  ""requires_context"": true,
  ""parent_source_message_id"": null,
  ""child_event_index"": null,
  ""related_source_message_id"": null,
  ""supersedes_event_id"": null,
  ""cancels_event_id"": null,
  ""auto_apply_eligible"": false,
  ""needs_review"": true,
  ""validation_errors"": [],
  ""validation_warnings"": []
}",,,conditional,2026-07-01T04:53:08.425431+00:00
9,acceptance-concurrent,9,ReviewerA,APPROVED,"{
  ""source_message_id"": ""acceptance-concurrent"",
  ""raw_text"": ""BUY 10% MSFT @400"",
  ""normalized_text"": ""BUY 10% MSFT @400"",
  ""record_type"": ""TRADE_ACTION"",
  ""ml_action"": ""OPEN_LONG"",
  ""ml_confidence"": 0.31341207942521476,
  ""rule_action"": ""OPEN_LONG"",
  ""final_action"": ""OPEN_LONG"",
  ""resolution_source"": ""RULE_AND_ML_AGREE"",
  ""symbol_raw"": null,
  ""symbol"": null,
  ""symbols"": [],
  ""market_group"": ""Equity"",
  ""contract_month"": null,
  ""strike_price"": null,
  ""option_type"": null,
  ""direction"": ""LONG"",
  ""quantity_percent"": ""10"",
  ""quantity_basis"": ""MODEL_ALLOCATION"",
  ""remaining_holding_multiplier"": null,
  ""execution_prices"": [
    ""400""
  ],
  ""execution_price_primary"": ""400"",
  ""stop_loss"": null,
  ""targets"": [],
  ""is_correction"": false,
  ""is_conditional"": false,
  ""is_multi_instrument"": false,
  ""requires_context"": false,
  ""parent_source_message_id"": null,
  ""child_event_index"": null,
  ""related_source_message_id"": null,
  ""supersedes_event_id"": null,
  ""cancels_event_id"": null,
  ""auto_apply_eligible"": false,
  ""needs_review"": true,
  ""validation_errors"": [
    ""Symbol is missing; cannot apply automatically.""
  ],
  ""validation_warnings"": [
    ""Symbol missing; cannot auto-apply.""
  ]
}",,,,2026-07-01T04:53:08.467480+00:00
