processing_order,source_message_id,segment_id,segment_name,market_group,created_at,updated_at,edited_at,raw_text,normalized_text,normalized_text_hash,record_type,action_label,action_scope,symbol_group,symbol_raw,symbol,symbols_json,contract_month,strike_price,option_type,direction,quantity_percent,quantity_basis,remaining_holding_multiplier,quantity_rule_source,quantity_is_default,execution_prices_json,execution_price_primary,stop_loss,targets_json,target_1,target_2,is_correction,is_multi_instrument,requires_context,auto_apply_eligible,label_confidence,needs_review,label_status,label_source,label_reason,percentage_semantics,exact_duplicate_count,exact_duplicate_rank,is_exact_duplicate,production_status
11,6a139ce1835de84db3696c33,6a0d8832835de84db3693580,International Market,GLOBAL_COMMODITY,2026-05-25T00:50:41.756Z,2026-05-25T00:50:41.756Z,,Sell 50% gold Jun at above price.,Sell 50% gold Jun at above price.,4e099864e5ac4a18,TRADE_ACTION,REDUCE_POSITION,SINGLE_INSTRUMENT,,gold Jun,GOLD,"[""GOLD""]",JUN,,,,50.0,CURRENT_HOLDING,0.5,EXPLICIT_PERCENT,False,[],,,[],,,False,False,True,False,0.99,False,AUTO_HIGH_CONFIDENCE,RULE_BASED_AND_CURATED,Explicit percentage reduction of current holding.,REDUCE_POSITION uses current holding: new_holding = current_holding * (1 - quantity_percent / 100).,1,1,False,MANUAL_OR_CONTEXT_REVIEW
78,6a15b9b7dfef2e015044c620,6a0d8832835de84db3693580,International Market,GLOBAL_EQUITY,2026-05-26T15:18:15.212Z,2026-05-26T15:18:15.212Z,,2nd tgt touch in SNDK,2nd tgt touch in SNDK,0aa21f37c1a62413,TRADE_UPDATE,TARGET_HIT,SINGLE_INSTRUMENT,,SNDK,SNDK,"[""SNDK""]",,,,,,NONE,,NOT_APPLICABLE,False,[],,,[],,,False,False,False,False,0.96,False,AUTO_HIGH_CONFIDENCE,RULE_BASED_AND_CURATED,Target status update; no automatic quantity change.,REDUCE_POSITION uses current holding: new_holding = current_holding * (1 - quantity_percent / 100).,1,1,False,STATUS_ONLY
107,6a169056dfef2e015044d8ec,6a0d881f835de84db369357c,MCX,INDIA_COMMODITY,2026-05-27T06:33:58.363Z,2026-05-27T06:33:58.363Z,,CORRECTION : 50% BUY GOLD @156950 SL 156500 TGT 158500-159200,CORRECTION : 50% BUY GOLD @156950 SL 156500 TGT 158500-159200,fe702ed10c94634f,TRADE_ACTION,OPEN_LONG,SINGLE_INSTRUMENT,,GOLD,GOLD,"[""GOLD""]",,,,LONG,50.0,MODEL_ALLOCATION,,EXPLICIT_PERCENT,False,[156950.0],156950.0,156500.0,"[158500.0, 159200.0]",158500.0,159200.0,True,False,True,False,0.85,True,REVIEW_REQUIRED,RULE_BASED_AND_CURATED,Buy instruction. Correction must supersede/link to the prior instruction.,REDUCE_POSITION uses current holding: new_holding = current_holding * (1 - quantity_percent / 100).,1,1,False,MANUAL_OR_CONTEXT_REVIEW
168,6a18660a59359ea1faee9538,6a0d881f835de84db369357c,MCX,INDIA_COMMODITY,2026-05-28T15:58:02.293Z,2026-05-28T15:58:02.293Z,,Ignore NG message,Ignore NG message,0b678591bf7a4b91,TRADE_CONTROL,CANCEL_PREVIOUS,NONE,,,,[],,,,,,NONE,,NOT_APPLICABLE,False,[],,,[],,,False,False,True,False,0.98,False,AUTO_HIGH_CONFIDENCE,RULE_BASED_AND_CURATED,Explicit ignore/cancel instruction.,REDUCE_POSITION uses current holding: new_holding = current_holding * (1 - quantity_percent / 100).,1,1,False,MANUAL_OR_CONTEXT_REVIEW
222,6a1ce78359359ea1faeebb1c,6a0d8832835de84db3693580,International Market,GLOBAL_EQUITY,2026-06-01T01:59:31.678Z,2026-06-01T01:59:31.678Z,,If the stoploss gets triggered in short positions of indices then make long position with support levels mentioned in the daily newsletter.,If the stoploss gets triggered in short positions of indices then make long position with support levels mentioned in the daily newsletter.,4fbcce6bc6325d4e,TRADE_CONTROL,CONDITIONAL_INSTRUCTION,NONE,,,,[],,,,,,NONE,,NOT_APPLICABLE,False,[],,,[],,,False,False,True,False,0.88,True,REVIEW_REQUIRED,RULE_BASED_AND_CURATED,Conditional instruction requiring external state.,REDUCE_POSITION uses current holding: new_holding = current_holding * (1 - quantity_percent / 100).,1,1,False,MANUAL_OR_CONTEXT_REVIEW
376,6a2034cd59359ea1faef204b,6a0d8832835de84db3693580,International Market,GLOBAL_INDEX_OR_MACRO,2026-06-03T14:06:05.090Z,2026-06-03T14:06:05.090Z,,Second level triggered to buy Russell :,Second level triggered to buy Russell :,7278b79d9203c821,TRADE_ACTION,ADD_LONG,SINGLE_INSTRUMENT,,Russell,RUSSELL,"[""RUSSELL""]",,,,LONG,100.0,MODEL_ALLOCATION,,DEFAULT_FULL_ALLOCATION,True,[],,,[],,,False,False,True,False,0.8,True,REVIEW_REQUIRED,RULE_BASED_AND_CURATED,Context-dependent staged entry. Entry price is absent or context-dependent.,REDUCE_POSITION uses current holding: new_holding = current_holding * (1 - quantity_percent / 100).,1,1,False,MANUAL_OR_CONTEXT_REVIEW
387,6a20c55259359ea1faef2737,6a0d8832835de84db3693580,International Market,GLOBAL_EQUITY,2026-06-04T00:22:42.267Z,2026-06-04T00:22:42.267Z,,Add long position in Nasdaq @ 30300 (when triggered) with S/L 30100 for target 30600-30700.,Add long position in Nasdaq @ 30300 (when triggered) with S/L 30100 for target 30600-30700.,31c3dd90cfc7d95f,TRADE_CONTROL,CONDITIONAL_INSTRUCTION,NONE,,,,[],,,,,,NONE,,NOT_APPLICABLE,False,[30300.0],30300.0,30100.0,"[30600.0, 30700.0]",30600.0,30700.0,False,False,True,False,0.88,True,REVIEW_REQUIRED,RULE_BASED_AND_CURATED,Conditional instruction requiring external state.,REDUCE_POSITION uses current holding: new_holding = current_holding * (1 - quantity_percent / 100).,1,1,False,MANUAL_OR_CONTEXT_REVIEW
423,6a2180a9109e0591bbf6d888,6a0d881f835de84db369357c,MCX,INDIA_COMMODITY,2026-06-04T13:42:01.965Z,2026-06-04T13:42:01.965Z,,Ignore last msg,Ignore last msg,1aff700f4d9d5eb9,TRADE_CONTROL,CANCEL_PREVIOUS,NONE,,,,[],,,,,,NONE,,NOT_APPLICABLE,False,[],,,[],,,False,False,True,False,0.98,False,AUTO_HIGH_CONFIDENCE,RULE_BASED_AND_CURATED,Explicit ignore/cancel instruction.,REDUCE_POSITION uses current holding: new_holding = current_holding * (1 - quantity_percent / 100).,1,1,False,MANUAL_OR_CONTEXT_REVIEW
494,6a231f85109e0591bbf70ee2,6a0d8832835de84db3693580,International Market,GLOBAL_EQUITY,2026-06-05T19:12:05.308Z,2026-06-05T19:12:05.308Z,,The stop loss has been triggered in indices. People who have quit their positions may reenter into 30% long positions at the US closing.,The stop loss has been triggered in indices. People who have quit their positions may reenter into 30% long positions at the US closing.,c4390d1636e87514,TRADE_UPDATE,MARKET_COMMENTARY,NONE,,,,[],MAY,,,,,NONE,,NOT_APPLICABLE,False,[],,,[],,,False,False,False,False,0.75,True,REVIEW_REQUIRED,RULE_BASED_AND_CURATED,General long recommendation/commentary.,REDUCE_POSITION uses current holding: new_holding = current_holding * (1 - quantity_percent / 100).,1,1,False,MANUAL_OR_CONTEXT_REVIEW
495,6a26109f109e0591bbf71759,6a0d8832835de84db3693580,International Market,GLOBAL_EQUITY,2026-06-08T00:45:19.535Z,2026-06-08T00:45:19.535Z,,Continue holding long positions in indices until Tuesday.,Continue holding long positions in indices until Tuesday.,0b055c69a2a97ea5,TRADE_UPDATE,MARKET_COMMENTARY,NONE,,,,[],,,,,,NONE,,NOT_APPLICABLE,False,[],,,[],,,False,False,False,False,0.75,True,REVIEW_REQUIRED,RULE_BASED_AND_CURATED,General long recommendation/commentary.,REDUCE_POSITION uses current holding: new_holding = current_holding * (1 - quantity_percent / 100).,1,1,False,MANUAL_OR_CONTEXT_REVIEW
511,6a265533109e0591bbf724ef,6a0d881f835de84db369357c,MCX,INDIA_COMMODITY,2026-06-08T05:37:55.275Z,2026-06-08T05:37:55.275Z,,INTRADAY SL TOUCH IN GOLD & SILVER,INTRADAY SL TOUCH IN GOLD & SILVER,756f8eaee6b5d4ad,TRADE_ACTION,CLOSE_POSITION,MULTI_INSTRUMENT,,GOLD & SILVER,,"[""GOLD"", ""SILVER""]",,,,,100.0,CURRENT_HOLDING,0.0,FULL_EXIT_RULE,False,[],,,[],,,False,True,True,False,0.7,True,REVIEW_REQUIRED,RULE_BASED_AND_CURATED,Stop-loss hit closes current holding. Multiple instruments must be split into separate events.,REDUCE_POSITION uses current holding: new_holding = current_holding * (1 - quantity_percent / 100).,1,1,False,MANUAL_OR_CONTEXT_REVIEW
512,6a265605109e0591bbf72569,6a0d8832835de84db3693580,International Market,GLOBAL_EQUITY,2026-06-08T05:41:25.394Z,2026-06-08T05:41:25.394Z,,Positional SL for gold aug: 4278 & silver july: 65.70,Positional SL for gold aug: 4278 & silver july: 65.70,180b38f11e42c209,TRADE_UPDATE,UPDATE_STOP_LOSS,MULTI_INSTRUMENT,,gold aug,,"[""GOLD"", ""SILVER""]",AUG,,,,,NONE,,NOT_APPLICABLE,False,[],,,[],,,False,True,True,False,0.7,True,REVIEW_REQUIRED,RULE_BASED_AND_CURATED,Standalone stop-loss update. Multiple instruments must be split into separate events.,REDUCE_POSITION uses current holding: new_holding = current_holding * (1 - quantity_percent / 100).,1,1,False,MANUAL_OR_CONTEXT_REVIEW
587,6a282088109e0591bbf76e10,6a0d8832835de84db3693580,International Market,GLOBAL_EQUITY,2026-06-09T14:17:44.928Z,2026-06-09T14:17:44.928Z,,SL touched in gold & silver,SL touched in gold & silver,6704daf74fd37e7c,TRADE_ACTION,CLOSE_POSITION,MULTI_INSTRUMENT,,gold & silver,,"[""GOLD"", ""SILVER""]",,,,,100.0,CURRENT_HOLDING,0.0,FULL_EXIT_RULE,False,[],,,[],,,False,True,True,False,0.7,True,REVIEW_REQUIRED,RULE_BASED_AND_CURATED,Stop-loss hit closes current holding. Multiple instruments must be split into separate events.,REDUCE_POSITION uses current holding: new_holding = current_holding * (1 - quantity_percent / 100).,2,1,True,MANUAL_OR_CONTEXT_REVIEW
588,6a282094109e0591bbf76e24,6a0d881f835de84db369357c,MCX,INDIA_COMMODITY,2026-06-09T14:17:56.086Z,2026-06-09T14:17:56.086Z,,SL touched in gold & silver,SL touched in gold & silver,6704daf74fd37e7c,TRADE_ACTION,CLOSE_POSITION,MULTI_INSTRUMENT,,gold & silver,,"[""GOLD"", ""SILVER""]",,,,,100.0,CURRENT_HOLDING,0.0,FULL_EXIT_RULE,False,[],,,[],,,False,True,True,False,0.7,True,REVIEW_REQUIRED,RULE_BASED_AND_CURATED,Stop-loss hit closes current holding. Multiple instruments must be split into separate events.,REDUCE_POSITION uses current holding: new_holding = current_holding * (1 - quantity_percent / 100).,2,2,True,MANUAL_OR_CONTEXT_REVIEW
598,6a283c57109e0591bbf77521,6a0d8832835de84db3693580,International Market,GLOBAL_EQUITY,2026-06-09T16:16:23.442Z,2026-06-09T16:16:23.442Z,,Exit from long positions in indices.,Exit from long positions in indices.,6647fab7f23aacb7,TRADE_ACTION,CLOSE_GROUP,GROUP,INDICES,INDICES,,[],,,,,100.0,CURRENT_HOLDING,0.0,FULL_EXIT_RULE,False,[],,,[],,,False,False,True,False,0.9,True,REVIEW_REQUIRED,RULE_BASED_AND_CURATED,Group-level exit for all long index positions.,REDUCE_POSITION uses current holding: new_holding = current_holding * (1 - quantity_percent / 100).,1,1,False,MANUAL_OR_CONTEXT_REVIEW
648,6a298951109e0591bbf79c50,6a0d8832835de84db3693580,International Market,GLOBAL_EQUITY,2026-06-10T15:57:05.019Z,2026-06-10T15:57:05.019Z,,Buying is suggested in nvda @200 with SL 194 for target 220-240,Buying is suggested in nvda @200 with SL 194 for target 220-240,b9a6cd1809e4775f,TRADE_ACTION,OPEN_LONG,SINGLE_INSTRUMENT,,nvda,NVDA,"[""NVDA""]",,,,LONG,100.0,MODEL_ALLOCATION,,DEFAULT_FULL_ALLOCATION,True,[200.0],200.0,194.0,"[220.0, 240.0]",220.0,240.0,False,False,False,False,0.88,True,REVIEW_REQUIRED,RULE_BASED_AND_CURATED,Recommendation wording; confirm automatic execution policy.,REDUCE_POSITION uses current holding: new_holding = current_holding * (1 - quantity_percent / 100).,1,1,False,MANUAL_OR_CONTEXT_REVIEW
685,6a2acf05b0b2fbc3f68c29ea,6a0d8832835de84db3693580,International Market,GLOBAL_EQUITY,2026-06-11T15:06:45.410Z,2026-06-11T15:06:45.410Z,,Buy Dow @ 49600 (when triggered) with S/L 49000 for target 51200-51550,Buy Dow @ 49600 (when triggered) with S/L 49000 for target 51200-51550,0c207965cfbe984d,TRADE_CONTROL,CONDITIONAL_INSTRUCTION,NONE,,,,[],,,,,,NONE,,NOT_APPLICABLE,False,[49600.0],49600.0,49000.0,"[51200.0, 51550.0]",51200.0,51550.0,False,False,True,False,0.88,True,REVIEW_REQUIRED,RULE_BASED_AND_CURATED,Conditional instruction requiring external state.,REDUCE_POSITION uses current holding: new_holding = current_holding * (1 - quantity_percent / 100).,1,1,False,MANUAL_OR_CONTEXT_REVIEW
719,6a2b8a2ab0b2fbc3f68c4082,6a0d881f835de84db369357c,MCX,INDIA_COMMODITY,2026-06-12T04:25:14.295Z,2026-06-12T04:25:14.295Z,,Positional traders are suggested to long gold and silver in 2-3 instalments. Target for gold would be 158000-160000 and silver would be 260000-270000,Positional traders are suggested to long gold and silver in 2-3 instalments. Target for gold would be 158000-160000 and silver would be 260000-270000,171d26139b52fdb1,TRADE_UPDATE,MARKET_COMMENTARY,MULTI_INSTRUMENT,,,,"[""GOLD"", ""SILVER""]",,,,,,NONE,,NOT_APPLICABLE,False,[],,,[],,,False,True,True,False,0.7,True,REVIEW_REQUIRED,RULE_BASED_AND_CURATED,General long recommendation/commentary. Multiple instruments must be split into separate events.,REDUCE_POSITION uses current holding: new_holding = current_holding * (1 - quantity_percent / 100).,1,1,False,MANUAL_OR_CONTEXT_REVIEW
729,6a2bb4bbb0b2fbc3f68c4bf4,6a20c6ae59359ea1faef274f,Indian Indices,INDIA_INDEX,2026-06-12T07:26:51.186Z,2026-06-12T07:26:51.186Z,,IGNORE NIFTY LAST MESSAGE,IGNORE NIFTY LAST MESSAGE,b0377f73efc33024,TRADE_CONTROL,CANCEL_PREVIOUS,NONE,,,,[],,,,,,NONE,,NOT_APPLICABLE,False,[],,,[],,,False,False,True,False,0.98,False,AUTO_HIGH_CONFIDENCE,RULE_BASED_AND_CURATED,Explicit ignore/cancel instruction.,REDUCE_POSITION uses current holding: new_holding = current_holding * (1 - quantity_percent / 100).,1,1,False,MANUAL_OR_CONTEXT_REVIEW
747,6a2bcac7b0b2fbc3f68c5b89,6a20c6ae59359ea1faef274f,Indian Indices,INDIA_INDEX,2026-06-12T09:00:55.338Z,2026-06-12T09:00:55.338Z,,IF YOU ALREADY BOOKED PROFIT IN NIFTY THEN ONLY 50% BUY NIFTY@23600 SL23400 TGT 23800-24000,IF YOU ALREADY BOOKED PROFIT IN NIFTY THEN ONLY 50% BUY NIFTY @23600 SL23400 TGT 23800-24000,1534a0ebcf9c47ee,TRADE_CONTROL,CONDITIONAL_INSTRUCTION,NONE,,,,[],,,,,,NONE,,NOT_APPLICABLE,False,[23600.0],23600.0,23400.0,"[23800.0, 24000.0]",23800.0,24000.0,False,False,True,False,0.88,True,REVIEW_REQUIRED,RULE_BASED_AND_CURATED,Conditional instruction requiring external state.,REDUCE_POSITION uses current holding: new_holding = current_holding * (1 - quantity_percent / 100).,1,1,False,MANUAL_OR_CONTEXT_REVIEW
789,6a2fc7e1b0b2fbc3f68c9104,6a20c6ae59359ea1faef274f,Indian Indices,INDIA_INDEX,2026-06-15T09:37:37.132Z,2026-06-15T09:37:37.132Z,,IF YOU ALREADY BOOKED PROFIT IN NIFTY THEN ONLY 50% BUY NIFTY@23911 SL23700 TGT 24500,IF YOU ALREADY BOOKED PROFIT IN NIFTY THEN ONLY 50% BUY NIFTY @23911 SL23700 TGT 24500,bef4878934d70c4f,TRADE_CONTROL,CONDITIONAL_INSTRUCTION,NONE,,,,[],,,,,,NONE,,NOT_APPLICABLE,False,[23911.0],23911.0,23700.0,[24500.0],24500.0,,False,False,True,False,0.88,True,REVIEW_REQUIRED,RULE_BASED_AND_CURATED,Conditional instruction requiring external state.,REDUCE_POSITION uses current holding: new_holding = current_holding * (1 - quantity_percent / 100).,1,1,False,MANUAL_OR_CONTEXT_REVIEW
812,6a344f531226b8e7029dd6ec,6a0d8832835de84db3693580,International Market,GLOBAL_EQUITY,2026-06-18T20:04:35.075Z,2026-06-18T20:04:35.075Z,,Pls ignore crwd. Buy 50% hood @ 107.80 for target 114-120,Pls ignore crwd. Buy 50% hood @ 107.80 for target 114-120,33b87ada02dc0bad,TRADE_CONTROL,CANCEL_PREVIOUS,NONE,,,,[],,,,,,NONE,,NOT_APPLICABLE,False,[107.8],107.8,,"[114.0, 120.0]",114.0,120.0,False,False,True,False,0.98,False,AUTO_HIGH_CONFIDENCE,RULE_BASED_AND_CURATED,Explicit ignore/cancel instruction.,REDUCE_POSITION uses current holding: new_holding = current_holding * (1 - quantity_percent / 100).,1,1,False,MANUAL_OR_CONTEXT_REVIEW
883,6a393d7a1226b8e7029e634f,6a0d8832835de84db3693580,International Market,GLOBAL_EQUITY,2026-06-22T13:49:46.263Z,2026-06-22T13:49:46.263Z,,Pls ignore this. There was a typo.,Pls ignore this. There was a typo.,87a9ea2d5cbe0383,TRADE_CONTROL,CANCEL_PREVIOUS,NONE,,,,[],,,,,,NONE,,NOT_APPLICABLE,False,[],,,[],,,False,False,True,False,0.98,False,AUTO_HIGH_CONFIDENCE,RULE_BASED_AND_CURATED,Explicit ignore/cancel instruction.,REDUCE_POSITION uses current holding: new_holding = current_holding * (1 - quantity_percent / 100).,1,1,False,MANUAL_OR_CONTEXT_REVIEW
964,6a3b5acc1226b8e7029eed10,6a0d881f835de84db369357c,MCX,INDIA_COMMODITY,2026-06-24T04:19:24.511Z,2026-06-24T04:19:24.511Z,,SL TOUCH IN GOLD AND SILVER,SL TOUCH IN GOLD AND SILVER,3e12afffb53ac221,TRADE_ACTION,CLOSE_POSITION,MULTI_INSTRUMENT,,GOLD AND SILVER,,"[""GOLD"", ""SILVER""]",,,,,100.0,CURRENT_HOLDING,0.0,FULL_EXIT_RULE,False,[],,,[],,,False,True,True,False,0.7,True,REVIEW_REQUIRED,RULE_BASED_AND_CURATED,Stop-loss hit closes current holding. Multiple instruments must be split into separate events.,REDUCE_POSITION uses current holding: new_holding = current_holding * (1 - quantity_percent / 100).,1,1,False,MANUAL_OR_CONTEXT_REVIEW
1034,6a3d463656a63e397cfce044,6a0d8832835de84db3693580,International Market,GLOBAL_COMMODITY,2026-06-25T15:16:06.415Z,2026-06-25T15:16:06.415Z,,Correction: Sell crude@ 71.60 & 73.60 sl 75.00 tgt 68-67,Correction: Sell crude @ 71.60 & 73.60 sl 75.00 tgt 68-67,893369642404498b,TRADE_ACTION,OPEN_SHORT,SINGLE_INSTRUMENT,,crude,CRUDE,"[""CRUDE""]",,,,SHORT,100.0,MODEL_ALLOCATION,,DEFAULT_FULL_ALLOCATION,True,"[71.6, 73.6]",71.6,75.0,"[68.0, 67.0]",68.0,67.0,True,False,True,False,0.85,True,REVIEW_REQUIRED,RULE_BASED_AND_CURATED,Sell/short instruction. Correction must supersede/link to the prior instruction.,REDUCE_POSITION uses current holding: new_holding = current_holding * (1 - quantity_percent / 100).,1,1,False,MANUAL_OR_CONTEXT_REVIEW
