pilot_id,dataset_split,source_message_id,raw_text,normalized_text,segment_name,market_group,record_type,action_label,action_scope,symbol_group,symbol,symbols_json,contract_month,strike_price,option_type,direction,quantity_percent,quantity_basis,remaining_holding_multiplier,quantity_rule_source,execution_prices_json,execution_price_primary,stop_loss,targets_json,target_1,target_2,is_correction,is_multi_instrument,requires_context,auto_apply_eligible,label_confidence,needs_review,label_status,label_source,normalized_text_hash,created_at
PILOT-084,train,6a269223109e0591bbf72f00,AGAIN  BUY NIFTY @23145 SL 23000 TGT 23350-23450,AGAIN BUY NIFTY @23145 SL 23000 TGT 23350-23450,Indian Indices,INDIA_INDEX,TRADE_ACTION,ADD_LONG,SINGLE_INSTRUMENT,,NIFTY,"[""NIFTY""]",,,,LONG,100.0,MODEL_ALLOCATION,,DEFAULT_FULL_ALLOCATION,[23145.0],23145.0,23000.0,"[23350.0, 23450.0]",23350.0,23450.0,False,False,False,True,0.97,False,CURATED_PILOT,ASSISTANT_CURATED_RULE_REVIEW,bce9cb1e505921c5,2026-06-08T09:57:55.334Z
PILOT-283,train,6a16b87bdfef2e015044e14a,AGAIN BUY CRUDE MINI @8629 SL 8500 TGT 8900-9100,AGAIN BUY CRUDE MINI @8629 SL 8500 TGT 8900-9100,MCX,INDIA_COMMODITY,TRADE_ACTION,ADD_LONG,SINGLE_INSTRUMENT,,CRUDE_MINI,"[""CRUDE_MINI""]",,,,LONG,100.0,MODEL_ALLOCATION,,DEFAULT_FULL_ALLOCATION,[8629.0],8629.0,8500.0,"[8900.0, 9100.0]",8900.0,9100.0,False,False,False,True,0.97,False,CURATED_PILOT,ASSISTANT_CURATED_RULE_REVIEW,80c77e5d0ebd520d,2026-05-27T09:25:15.702Z
PILOT-168,train,6a2a0954109e0591bbf7a0d5,Add short position in crude oil at 93.50 with S/L 96.00 for target 85.00-82.00,Add short position in crude oil at 93.50 with S/L 96.00 for target 85.00-82.00,International Market,GLOBAL_COMMODITY,TRADE_ACTION,ADD_SHORT,SINGLE_INSTRUMENT,,CRUDE,"[""CRUDE""]",,,,SHORT,100.0,MODEL_ALLOCATION,,DEFAULT_FULL_ALLOCATION,[93.5],93.5,96.0,"[85.0, 82.0]",85.0,82.0,False,False,False,True,0.97,False,CURATED_PILOT,ASSISTANT_CURATED_RULE_REVIEW,056b056287927240,2026-06-11T01:03:16.160Z
PILOT-249,train,6a2a79af109e0591bbf7b652,Kindly update RP Broadcast app so that newsletter can be accessed through the app.,Kindly update RP Broadcast app so that newsletter can be accessed through the app.,Indian Indices,INDIA_INDEX,NON_TRADE,ADMIN_NOTICE,NONE,,,[],,,,,,NONE,,NOT_APPLICABLE,[],,,[],,,False,False,False,False,0.99,False,CURATED_PILOT,ASSISTANT_CURATED_RULE_REVIEW,4dc5ebdab6a17216,2026-06-11T09:02:39.765Z
PILOT-075,train,6a3dc51a56a63e397cfcf1c9,"Please update the ""RP Broadcasts"" app from the App Store or Play Store. Key issues have been fixed.","Please update the ""RP Broadcasts"" app from the App Store or Play Store. Key issues have been fixed.",International Market,GLOBAL_EQUITY,NON_TRADE,ADMIN_NOTICE,NONE,,,[],,,,,,NONE,,NOT_APPLICABLE,[],,,[],,,False,False,False,False,0.99,False,CURATED_PILOT,ASSISTANT_CURATED_RULE_REVIEW,61e6e6f423a19ad2,2026-06-26T00:17:30.356Z
PILOT-253,train,6a20fe4e59359ea1faef31a1,"Sun Sign: Reflects your core identity, ego, and life purpose","Sun Sign: Reflects your core identity, ego, and life purpose",Astrology Guide,ASTROLOGY,NON_TRADE,ASTROLOGY_CONTENT,NONE,,,[],,,,,,NONE,,NOT_APPLICABLE,[],,,[],,,False,False,False,False,0.99,False,CURATED_PILOT,ASSISTANT_CURATED_RULE_REVIEW,5ed72241cbf95e84,2026-06-04T04:25:50.193Z
PILOT-176,train,6a20fe8259359ea1faef31c8,Planets: Celestial bodies that act as active energies in various life houses.,Planets: Celestial bodies that act as active energies in various life houses.,Astrology Guide,ASTROLOGY,NON_TRADE,ASTROLOGY_CONTENT,NONE,,,[],,,,,,NONE,,NOT_APPLICABLE,[],,,[],,,False,False,False,False,0.99,False,CURATED_PILOT,ASSISTANT_CURATED_RULE_REVIEW,904871040beb712d,2026-06-04T04:26:42.672Z
PILOT-236,train,6a20fe7759359ea1faef31bb,"Houses: The 12 segments of your chart, each governing specific life areas.","Houses: The 12 segments of your chart, each governing specific life areas.",Astrology Guide,ASTROLOGY,NON_TRADE,ASTROLOGY_CONTENT,NONE,,,[],,,,,,NONE,,NOT_APPLICABLE,[],,,[],,,False,False,False,False,0.99,False,CURATED_PILOT,ASSISTANT_CURATED_RULE_REVIEW,f3ee08abd69df0b8,2026-06-04T04:26:31.399Z
PILOT-038,train,6a20fe6959359ea1faef31ae,"Moon Sign: Represents your emotional nature, mind, and inner feelings","Moon Sign: Represents your emotional nature, mind, and inner feelings",Astrology Guide,ASTROLOGY,NON_TRADE,ASTROLOGY_CONTENT,NONE,,,[],,,,,,NONE,,NOT_APPLICABLE,[],,,[],,,False,False,False,False,0.99,False,CURATED_PILOT,ASSISTANT_CURATED_RULE_REVIEW,8f772eff964f873c,2026-06-04T04:26:17.787Z
PILOT-095,train,6a2180a9109e0591bbf6d888,Ignore last msg,Ignore last msg,MCX,INDIA_COMMODITY,TRADE_CONTROL,CANCEL_PREVIOUS,NONE,,,[],,,,,,NONE,,NOT_APPLICABLE,[],,,[],,,False,False,True,False,0.98,False,CURATED_PILOT,ASSISTANT_CURATED_RULE_REVIEW,1aff700f4d9d5eb9,2026-06-04T13:42:01.965Z
PILOT-018,train,6a393d7a1226b8e7029e634f,Pls ignore this. There was a typo.,Pls ignore this. There was a typo.,International Market,GLOBAL_EQUITY,TRADE_CONTROL,CANCEL_PREVIOUS,NONE,,,[],,,,,,NONE,,NOT_APPLICABLE,[],,,[],,,False,False,True,False,0.98,False,CURATED_PILOT,ASSISTANT_CURATED_RULE_REVIEW,87a9ea2d5cbe0383,2026-06-22T13:49:46.263Z
PILOT-289,train,6a344f531226b8e7029dd6ec,Pls ignore crwd. Buy 50% hood @ 107.80 for target 114-120,Pls ignore crwd. Buy 50% hood @ 107.80 for target 114-120,International Market,GLOBAL_EQUITY,TRADE_CONTROL,CANCEL_PREVIOUS,NONE,,,[],,,,,,NONE,,NOT_APPLICABLE,[107.8],107.8,,"[114.0, 120.0]",114.0,120.0,False,False,True,False,0.98,False,CURATED_PILOT,ASSISTANT_CURATED_RULE_REVIEW,33b87ada02dc0bad,2026-06-18T20:04:35.075Z
PILOT-299,train,6a18660a59359ea1faee9538,Ignore NG message,Ignore NG message,MCX,INDIA_COMMODITY,TRADE_CONTROL,CANCEL_PREVIOUS,NONE,,,[],,,,,,NONE,,NOT_APPLICABLE,[],,,[],,,False,False,True,False,0.98,False,CURATED_PILOT,ASSISTANT_CURATED_RULE_REVIEW,0b678591bf7a4b91,2026-05-28T15:58:02.293Z
PILOT-044,train,6a27d221109e0591bbf75994,SL touched in crude. Exit.,SL touched in crude. Exit.,International Market,GLOBAL_COMMODITY,TRADE_ACTION,CLOSE_POSITION,SINGLE_INSTRUMENT,,CRUDE,"[""CRUDE""]",,,,,100.0,CURRENT_HOLDING,0.0,FULL_EXIT_RULE,[],,,[],,,False,False,False,True,0.99,False,CURATED_PILOT,ASSISTANT_CURATED_RULE_REVIEW,e999248acee2e36f,2026-06-09T08:43:13.554Z
PILOT-120,train,6a26e51c109e0591bbf73fc7,Profit book in RKLB@ 115,Profit book in RKLB @ 115,International Market,GLOBAL_EQUITY,TRADE_ACTION,CLOSE_POSITION,SINGLE_INSTRUMENT,,RKLB,"[""RKLB""]",,,,,100.0,CURRENT_HOLDING,0.0,FULL_EXIT_RULE,[115.0],115.0,,[],,,False,False,False,True,0.96,False,CURATED_PILOT,ASSISTANT_CURATED_RULE_REVIEW,3f97dc193df9cb54,2026-06-08T15:51:56.607Z
PILOT-205,train,69368a880133ba0de6bcf3c7,SL TOUCH IN JSWSTEEL,SL TOUCH IN JSWSTEEL,NSE,INDIA_EQUITY,TRADE_ACTION,CLOSE_POSITION,SINGLE_INSTRUMENT,,JSWSTEEL,"[""JSWSTEEL""]",,,,,100.0,CURRENT_HOLDING,0.0,FULL_EXIT_RULE,[],,,[],,,False,False,False,True,0.99,False,CURATED_PILOT,ASSISTANT_CURATED_RULE_REVIEW,54f912d2ca078dae,2025-12-08T08:21:28.020Z
PILOT-191,train,6a33f57c1226b8e7029dc2d0,Book profit in AVGO @410,Book profit in AVGO @410,International Market,GLOBAL_EQUITY,TRADE_ACTION,CLOSE_POSITION,SINGLE_INSTRUMENT,,AVGO,"[""AVGO""]",,,,,100.0,CURRENT_HOLDING,0.0,FULL_EXIT_RULE,[410.0],410.0,,[],,,False,False,False,True,0.96,False,CURATED_PILOT,ASSISTANT_CURATED_RULE_REVIEW,2f712424170747c7,2026-06-18T13:41:16.530Z
PILOT-011,train,6a38b1581226b8e7029e2b93,FULL PROFIT BOOK IN WIPRO@181.50,FULL PROFIT BOOK IN WIPRO @181.50,NSE,INDIA_EQUITY,TRADE_ACTION,CLOSE_POSITION,SINGLE_INSTRUMENT,,WIPRO,"[""WIPRO""]",,,,,100.0,CURRENT_HOLDING,0.0,FULL_EXIT_RULE,[181.5],181.5,,[],,,False,False,False,True,0.99,False,CURATED_PILOT,ASSISTANT_CURATED_RULE_REVIEW,bfc250e9a43ffd54,2026-06-22T03:51:52.832Z
PILOT-134,train,6a1ee74659359ea1faeefd29,Book profit in BE @ 299.00,Book profit in BE @ 299.00,International Market,GLOBAL_EQUITY,TRADE_ACTION,CLOSE_POSITION,SINGLE_INSTRUMENT,,BE,"[""BE""]",,,,,100.0,CURRENT_HOLDING,0.0,FULL_EXIT_RULE,[299.0],299.0,,[],,,False,False,False,True,0.96,False,CURATED_PILOT,ASSISTANT_CURATED_RULE_REVIEW,1d4d9ca5a22e1148,2026-06-02T14:23:02.211Z
PILOT-128,train,6a190d7459359ea1faee9f9a,FULL PROFIT BOOK IN TCS @2330,FULL PROFIT BOOK IN TCS @2330,NSE,INDIA_EQUITY,TRADE_ACTION,CLOSE_POSITION,SINGLE_INSTRUMENT,,TCS,"[""TCS""]",,,,,100.0,CURRENT_HOLDING,0.0,FULL_EXIT_RULE,[2330.0],2330.0,,[],,,False,False,False,True,0.99,False,CURATED_PILOT,ASSISTANT_CURATED_RULE_REVIEW,6aaaf5bb21c21c41,2026-05-29T03:52:20.683Z
PILOT-296,train,6a2ac23db0b2fbc3f68c2673,Book profit in CRDO @258.60,Book profit in CRDO @258.60,International Market,GLOBAL_EQUITY,TRADE_ACTION,CLOSE_POSITION,SINGLE_INSTRUMENT,,CRDO,"[""CRDO""]",,,,,100.0,CURRENT_HOLDING,0.0,FULL_EXIT_RULE,[258.6],258.6,,[],,,False,False,False,True,0.96,False,CURATED_PILOT,ASSISTANT_CURATED_RULE_REVIEW,79af4617b31377b0,2026-06-11T14:12:13.150Z
PILOT-122,train,6a151abc835de84db3698806,FULL PROFIT BOOK IN MOTILALOFS @881,FULL PROFIT BOOK IN MOTILALOFS @881,NSE,INDIA_EQUITY,TRADE_ACTION,CLOSE_POSITION,SINGLE_INSTRUMENT,,MOTILALOFS,"[""MOTILALOFS""]",,,,,100.0,CURRENT_HOLDING,0.0,FULL_EXIT_RULE,[881.0],881.0,,[],,,False,False,False,True,0.99,False,CURATED_PILOT,ASSISTANT_CURATED_RULE_REVIEW,b651b616a5b3c76c,2026-05-26T03:59:56.464Z
PILOT-097,train,6a3ccb8456a63e397cfcc29b,FULL PROFIT BOOK IN HDFCBANK@803,FULL PROFIT BOOK IN HDFCBANK @803,NSE,INDIA_EQUITY,TRADE_ACTION,CLOSE_POSITION,SINGLE_INSTRUMENT,,HDFCBANK,"[""HDFCBANK""]",,,,,100.0,CURRENT_HOLDING,0.0,FULL_EXIT_RULE,[803.0],803.0,,[],,,False,False,False,True,0.99,False,CURATED_PILOT,ASSISTANT_CURATED_RULE_REVIEW,1c218581ebf190d0,2026-06-25T06:32:36.338Z
PILOT-192,train,6a38c17b1226b8e7029e3945,FULL PROFIT BOOK IN PFC@445,FULL PROFIT BOOK IN PFC @445,NSE,INDIA_EQUITY,TRADE_ACTION,CLOSE_POSITION,SINGLE_INSTRUMENT,,PFC,"[""PFC""]",,,,,100.0,CURRENT_HOLDING,0.0,FULL_EXIT_RULE,[445.0],445.0,,[],,,False,False,False,True,0.99,False,CURATED_PILOT,ASSISTANT_CURATED_RULE_REVIEW,f721ae93b25256c0,2026-06-22T05:00:43.291Z
PILOT-064,train,6a2ac1f4b0b2fbc3f68c25e8,Day traders book profit in AMAT @533,Day traders book profit in AMAT @533,International Market,GLOBAL_EQUITY,TRADE_ACTION,CLOSE_POSITION,SINGLE_INSTRUMENT,,AMAT,"[""AMAT""]",,,,,100.0,CURRENT_HOLDING,0.0,FULL_EXIT_RULE,[533.0],533.0,,[],,,False,False,False,True,0.96,False,CURATED_PILOT,ASSISTANT_CURATED_RULE_REVIEW,d551d34b29d178b3,2026-06-11T14:11:00.283Z
PILOT-077,train,6a3940081226b8e7029e64cf,Full Profit book in AMD@ 558,Full Profit book in AMD @ 558,International Market,GLOBAL_EQUITY,TRADE_ACTION,CLOSE_POSITION,SINGLE_INSTRUMENT,,AMD,"[""AMD""]",,,,,100.0,CURRENT_HOLDING,0.0,FULL_EXIT_RULE,[558.0],558.0,,[],,,False,False,False,True,0.99,False,CURATED_PILOT,ASSISTANT_CURATED_RULE_REVIEW,f192590c3ff03dc0,2026-06-22T14:00:40.883Z
PILOT-199,train,6a199ce559359ea1faeeb260,Book profit in smci @48.00,Book profit in smci @48.00,International Market,GLOBAL_EQUITY,TRADE_ACTION,CLOSE_POSITION,SINGLE_INSTRUMENT,,SMCI,"[""SMCI""]",,,,,100.0,CURRENT_HOLDING,0.0,FULL_EXIT_RULE,[48.0],48.0,,[],,,False,False,False,True,0.96,False,CURATED_PILOT,ASSISTANT_CURATED_RULE_REVIEW,d4bad66388a8b75b,2026-05-29T14:04:21.571Z
PILOT-154,train,6a2fbcefb0b2fbc3f68c8da7,full profit book in bhartiartl@1855.20,full profit book in bhartiartl @1855.20,NSE,INDIA_EQUITY,TRADE_ACTION,CLOSE_POSITION,SINGLE_INSTRUMENT,,BHARTIARTL,"[""BHARTIARTL""]",,,,,100.0,CURRENT_HOLDING,0.0,FULL_EXIT_RULE,[1855.2],1855.2,,[],,,False,False,False,True,0.99,False,CURATED_PILOT,ASSISTANT_CURATED_RULE_REVIEW,42c50eca07050f3b,2026-06-15T08:50:55.918Z
PILOT-275,train,6a3b5c311226b8e7029eee1f,SL TOUCH IN TATASTEEL,SL TOUCH IN TATASTEEL,NSE,INDIA_EQUITY,TRADE_ACTION,CLOSE_POSITION,SINGLE_INSTRUMENT,,TATASTEEL,"[""TATASTEEL""]",,,,,100.0,CURRENT_HOLDING,0.0,FULL_EXIT_RULE,[],,,[],,,False,False,False,True,0.99,False,CURATED_PILOT,ASSISTANT_CURATED_RULE_REVIEW,ee0179a820f8f997,2026-06-24T04:25:21.925Z
PILOT-031,train,6a1fa84659359ea1faef0bb5,INTRADAY FULL PROFIT BOOK IN INFY @1226,INTRADAY FULL PROFIT BOOK IN INFY @1226,NSE,INDIA_EQUITY,TRADE_ACTION,CLOSE_POSITION,SINGLE_INSTRUMENT,,INFY,"[""INFY""]",,,,,100.0,CURRENT_HOLDING,0.0,FULL_EXIT_RULE,[1226.0],1226.0,,[],,,False,False,False,True,0.99,False,CURATED_PILOT,ASSISTANT_CURATED_RULE_REVIEW,85045544797dca80,2026-06-03T04:06:30.062Z
PILOT-036,train,6a2af2ccb0b2fbc3f68c30c2,Book profit in Russell @2902,Book profit in Russell @2902,International Market,GLOBAL_INDEX_OR_MACRO,TRADE_ACTION,CLOSE_POSITION,SINGLE_INSTRUMENT,,RUSSELL,"[""RUSSELL""]",,,,,100.0,CURRENT_HOLDING,0.0,FULL_EXIT_RULE,[2902.0],2902.0,,[],,,False,False,False,True,0.96,False,CURATED_PILOT,ASSISTANT_CURATED_RULE_REVIEW,58050174dbc88fc9,2026-06-11T17:39:24.747Z
PILOT-190,train,6a141c2c835de84db3697f9e,FULL PROFIT BOOK IN INDUSTOWER @440,FULL PROFIT BOOK IN INDUSTOWER @440,NSE,INDIA_EQUITY,TRADE_ACTION,CLOSE_POSITION,SINGLE_INSTRUMENT,,INDUSTOWER,"[""INDUSTOWER""]",,,,,100.0,CURRENT_HOLDING,0.0,FULL_EXIT_RULE,[440.0],440.0,,[],,,False,False,False,True,0.99,False,CURATED_PILOT,ASSISTANT_CURATED_RULE_REVIEW,64e61459d9869bbb,2026-05-25T09:53:48.972Z
PILOT-085,train,6a190eec59359ea1faeea05b,FULL PROFIT BOOK IN ULTRACEMCO @11830,FULL PROFIT BOOK IN ULTRACEMCO @11830,NSE,INDIA_EQUITY,TRADE_ACTION,CLOSE_POSITION,SINGLE_INSTRUMENT,,ULTRACEMCO,"[""ULTRACEMCO""]",,,,,100.0,CURRENT_HOLDING,0.0,FULL_EXIT_RULE,[11830.0],11830.0,,[],,,False,False,False,True,0.99,False,CURATED_PILOT,ASSISTANT_CURATED_RULE_REVIEW,e918c7b0ae5a24b3,2026-05-29T03:58:36.562Z
PILOT-262,train,6a26c5c0109e0591bbf73882,Book profit in crude @90.60,Book profit in crude @90.60,International Market,GLOBAL_COMMODITY,TRADE_ACTION,CLOSE_POSITION,SINGLE_INSTRUMENT,,CRUDE,"[""CRUDE""]",,,,,100.0,CURRENT_HOLDING,0.0,FULL_EXIT_RULE,[90.6],90.6,,[],,,False,False,False,True,0.96,False,CURATED_PILOT,ASSISTANT_CURATED_RULE_REVIEW,2d5751d77bce67e5,2026-06-08T13:38:08.344Z
PILOT-005,train,6a3d2f6056a63e397cfcd3e9,Book profit in AMD @ 549,Book profit in AMD @ 549,International Market,GLOBAL_EQUITY,TRADE_ACTION,CLOSE_POSITION,SINGLE_INSTRUMENT,,AMD,"[""AMD""]",,,,,100.0,CURRENT_HOLDING,0.0,FULL_EXIT_RULE,[549.0],549.0,,[],,,False,False,False,True,0.96,False,CURATED_PILOT,ASSISTANT_CURATED_RULE_REVIEW,219b13d547bae25e,2026-06-25T13:38:40.725Z
PILOT-209,train,6a3a0b631226b8e7029e932c,FULL PROFIT BOOK IN ASHOKLEY@153.50,FULL PROFIT BOOK IN ASHOKLEY @153.50,NSE,INDIA_EQUITY,TRADE_ACTION,CLOSE_POSITION,SINGLE_INSTRUMENT,,ASHOKLEY,"[""ASHOKLEY""]",,,,,100.0,CURRENT_HOLDING,0.0,FULL_EXIT_RULE,[153.5],153.5,,[],,,False,False,False,True,0.99,False,CURATED_PILOT,ASSISTANT_CURATED_RULE_REVIEW,873ea6260f540b94,2026-06-23T04:28:19.878Z
PILOT-035,train,6a2af42fb0b2fbc3f68c31b4,Day traders book full profit in ng @ 214.22,Day traders book full profit in ng @ 214.22,International Market,GLOBAL_COMMODITY,TRADE_ACTION,CLOSE_POSITION,SINGLE_INSTRUMENT,,NATURAL_GAS,"[""NATURAL_GAS""]",,,,,100.0,CURRENT_HOLDING,0.0,FULL_EXIT_RULE,[214.22],214.22,,[],,,False,False,False,True,0.99,False,CURATED_PILOT,ASSISTANT_CURATED_RULE_REVIEW,23526fdf589ab8b0,2026-06-11T17:45:19.197Z
PILOT-272,train,6a22cafd109e0591bbf70450,Full Profit book in crude@8757,Full Profit book in crude @8757,MCX,INDIA_COMMODITY,TRADE_ACTION,CLOSE_POSITION,SINGLE_INSTRUMENT,,CRUDE,"[""CRUDE""]",,,,,100.0,CURRENT_HOLDING,0.0,FULL_EXIT_RULE,[8757.0],8757.0,,[],,,False,False,False,True,0.99,False,CURATED_PILOT,ASSISTANT_CURATED_RULE_REVIEW,eb950e5a33a03723,2026-06-05T13:11:25.198Z
PILOT-081,train,6a2c23a1b0b2fbc3f68c710e,Book profit in soxl @ 239.60,Book profit in soxl @ 239.60,International Market,GLOBAL_EQUITY,TRADE_ACTION,CLOSE_POSITION,SINGLE_INSTRUMENT,,SOXL,"[""SOXL""]",,,,,100.0,CURRENT_HOLDING,0.0,FULL_EXIT_RULE,[239.6],239.6,,[],,,False,False,False,True,0.96,False,CURATED_PILOT,ASSISTANT_CURATED_RULE_REVIEW,60b9a734d6e3bc54,2026-06-12T15:20:01.269Z
PILOT-240,train,6a3c3deb56a63e397cfca613,Book profit in mu @1192,Book profit in mu @1192,International Market,GLOBAL_EQUITY,TRADE_ACTION,CLOSE_POSITION,SINGLE_INSTRUMENT,,MU,"[""MU""]",,,,,100.0,CURRENT_HOLDING,0.0,FULL_EXIT_RULE,[1192.0],1192.0,,[],,,False,False,False,True,0.96,False,CURATED_PILOT,ASSISTANT_CURATED_RULE_REVIEW,ca16ee7c9c78e695,2026-06-24T20:28:27.112Z
PILOT-202,train,6a1996c559359ea1faeeafc4,Full Profit book in MU@ 956,Full Profit book in MU @ 956,International Market,GLOBAL_EQUITY,TRADE_ACTION,CLOSE_POSITION,SINGLE_INSTRUMENT,,MU,"[""MU""]",,,,,100.0,CURRENT_HOLDING,0.0,FULL_EXIT_RULE,[956.0],956.0,,[],,,False,False,False,True,0.99,False,CURATED_PILOT,ASSISTANT_CURATED_RULE_REVIEW,03733953399813a5,2026-05-29T13:38:13.998Z
PILOT-115,train,6a3939571226b8e7029e6126,Book profit in nvda @211.30,Book profit in nvda @211.30,International Market,GLOBAL_EQUITY,TRADE_ACTION,CLOSE_POSITION,SINGLE_INSTRUMENT,,NVDA,"[""NVDA""]",,,,,100.0,CURRENT_HOLDING,0.0,FULL_EXIT_RULE,[211.3],211.3,,[],,,False,False,False,True,0.96,False,CURATED_PILOT,ASSISTANT_CURATED_RULE_REVIEW,89e4087b45608d6c,2026-06-22T13:32:07.777Z
PILOT-055,train,6a3c3dd756a63e397cfca5e8,Book profit in sndk @2150,Book profit in sndk @2150,International Market,GLOBAL_EQUITY,TRADE_ACTION,CLOSE_POSITION,SINGLE_INSTRUMENT,,SNDK,"[""SNDK""]",,,,,100.0,CURRENT_HOLDING,0.0,FULL_EXIT_RULE,[2150.0],2150.0,,[],,,False,False,False,True,0.96,False,CURATED_PILOT,ASSISTANT_CURATED_RULE_REVIEW,42d7ca57b1d0d84a,2026-06-24T20:28:07.467Z
PILOT-276,train,6a2fbd5fb0b2fbc3f68c8e0b,FULL PROFIT BOOK IN HDFCLIFE@575.60,FULL PROFIT BOOK IN HDFCLIFE @575.60,NSE,INDIA_EQUITY,TRADE_ACTION,CLOSE_POSITION,SINGLE_INSTRUMENT,,HDFCLIFE,"[""HDFCLIFE""]",,,,,100.0,CURRENT_HOLDING,0.0,FULL_EXIT_RULE,[575.6],575.6,,[],,,False,False,False,True,0.99,False,CURATED_PILOT,ASSISTANT_CURATED_RULE_REVIEW,7880feecd19c6c52,2026-06-15T08:52:47.924Z
PILOT-183,train,6a3ccc4656a63e397cfcc32d,FULL PROFIT IN ICICIBANK@1399,FULL PROFIT IN ICICIBANK @1399,NSE,INDIA_EQUITY,TRADE_ACTION,CLOSE_POSITION,SINGLE_INSTRUMENT,,ICICIBANK,"[""ICICIBANK""]",,,,,100.0,CURRENT_HOLDING,0.0,FULL_EXIT_RULE,[1399.0],1399.0,,[],,,False,False,False,True,0.99,False,CURATED_PILOT,ASSISTANT_CURATED_RULE_REVIEW,14cc5325758cd380,2026-06-25T06:35:50.945Z
PILOT-137,train,6a2ab936b0b2fbc3f68c219a,Book profit in SNDK @ 1717,Book profit in SNDK @ 1717,International Market,GLOBAL_EQUITY,TRADE_ACTION,CLOSE_POSITION,SINGLE_INSTRUMENT,,SNDK,"[""SNDK""]",,,,,100.0,CURRENT_HOLDING,0.0,FULL_EXIT_RULE,[1717.0],1717.0,,[],,,False,False,False,True,0.96,False,CURATED_PILOT,ASSISTANT_CURATED_RULE_REVIEW,264f6752d813f3c9,2026-06-11T13:33:42.389Z
PILOT-030,train,6a202ca859359ea1faef1e59,Book profit in soxl @280,Book profit in soxl @280,International Market,GLOBAL_EQUITY,TRADE_ACTION,CLOSE_POSITION,SINGLE_INSTRUMENT,,SOXL,"[""SOXL""]",,,,,100.0,CURRENT_HOLDING,0.0,FULL_EXIT_RULE,[280.0],280.0,,[],,,False,False,False,True,0.96,False,CURATED_PILOT,ASSISTANT_CURATED_RULE_REVIEW,1f5d6b337da69823,2026-06-03T13:31:20.740Z
PILOT-246,train,6a2c5560b0b2fbc3f68c7661,Day traders book profit in NBIS @238.40,Day traders book profit in NBIS @238.40,International Market,GLOBAL_EQUITY,TRADE_ACTION,CLOSE_POSITION,SINGLE_INSTRUMENT,,NBIS,"[""NBIS""]",,,,,100.0,CURRENT_HOLDING,0.0,FULL_EXIT_RULE,[238.4],238.4,,[],,,False,False,False,True,0.96,False,CURATED_PILOT,ASSISTANT_CURATED_RULE_REVIEW,c100ca9d67c594d3,2026-06-12T18:52:16.311Z
PILOT-032,train,6a3a42e81226b8e7029eabb4,HOLD NIFTY FOR TOMORROW,HOLD NIFTY FOR TOMORROW,Indian Indices,INDIA_INDEX,TRADE_UPDATE,HOLD_POSITION,SINGLE_INSTRUMENT,,NIFTY,"[""NIFTY""]",,,,,,NONE,,NOT_APPLICABLE,[],,,[],,,False,False,False,True,0.97,False,CURATED_PILOT,ASSISTANT_CURATED_RULE_REVIEW,b8c46bb2150e3a8f,2026-06-23T08:25:12.312Z
PILOT-295,train,6a22d3d1109e0591bbf706e8,Positional traders hold amd for next week,Positional traders hold amd for next week,International Market,GLOBAL_EQUITY,TRADE_UPDATE,HOLD_POSITION,SINGLE_INSTRUMENT,,AMD,"[""AMD""]",,,,,,NONE,,NOT_APPLICABLE,[],,,[],,,False,False,False,True,0.97,False,CURATED_PILOT,ASSISTANT_CURATED_RULE_REVIEW,b4ee4a3d56bb38a4,2026-06-05T13:49:05.412Z
PILOT-167,train,6a16b82bdfef2e015044e11e,POSITIONAL TRADERS HOLD TMPV FOR FRIDAY,POSITIONAL TRADERS HOLD TMPV FOR FRIDAY,NSE,INDIA_EQUITY,TRADE_UPDATE,HOLD_POSITION,SINGLE_INSTRUMENT,,TMPV,"[""TMPV""]",,,,,,NONE,,NOT_APPLICABLE,[],,,[],,,False,False,False,True,0.97,False,CURATED_PILOT,ASSISTANT_CURATED_RULE_REVIEW,29dc40db54dae29a,2026-05-27T09:23:55.260Z
PILOT-197,train,6a3b53f31226b8e7029ee726,HOLD BANKNIFTY,HOLD BANKNIFTY,Indian Indices,INDIA_INDEX,TRADE_UPDATE,HOLD_POSITION,SINGLE_INSTRUMENT,,BANKNIFTY,"[""BANKNIFTY""]",,,,,,NONE,,NOT_APPLICABLE,[],,,[],,,False,False,False,True,0.97,False,CURATED_PILOT,ASSISTANT_CURATED_RULE_REVIEW,3d39bc95901baf53,2026-06-24T03:50:11.977Z
PILOT-263,train,6a3b3a8b1226b8e7029eda56,Pls note following support levels for positional traders. Gold (Spot) - 4000 & Silver (Spot) - 60. If the above mentioned levels are not breached then we should be seeing a sizable uptrend in July 2026.,Pls note following support levels for positional traders. Gold (Spot) - 4000 & Silver (Spot) - 60. If the above mentioned levels are not breached then we should be seeing a sizable uptrend in July 2026.,International Market,GLOBAL_EQUITY,NON_TRADE,MARKET_COMMENTARY,MULTI_INSTRUMENT,,,"[""GOLD"", ""SILVER""]",JUL,,,,,NONE,,NOT_APPLICABLE,[],,,[],,,False,True,True,False,0.92,False,CURATED_PILOT,ASSISTANT_CURATED_RULE_REVIEW,8848e0af77a317b5,2026-06-24T02:01:47.905Z
PILOT-102,train,6a281ca2109e0591bbf76d38,We are anticipating a downtrend in equity market over Wednesday-Thursday. It is suggested to book profit in indices and stocks.,We are anticipating a downtrend in equity market over Wednesday-Thursday. It is suggested to book profit in indices and stocks.,International Market,GLOBAL_EQUITY,NON_TRADE,MARKET_COMMENTARY,NONE,,,[],,,,,,NONE,,NOT_APPLICABLE,[],,,[],,,False,False,False,False,0.92,False,CURATED_PILOT,ASSISTANT_CURATED_RULE_REVIEW,4fc5fe3eb0e462f9,2026-06-09T14:01:06.076Z
PILOT-060,train,6a2a0996109e0591bbf7a0e2,"NVDA was a buying recommendation yesterday. The bottom is done. By next Friday, we should see Nasdaq significantly higher.","NVDA was a buying recommendation yesterday. The bottom is done. By next Friday, we should see Nasdaq significantly higher.",International Market,GLOBAL_EQUITY,NON_TRADE,MARKET_COMMENTARY,NONE,,,[],,,,,,NONE,,NOT_APPLICABLE,[],,,[],,,False,False,False,False,0.95,False,CURATED_PILOT,ASSISTANT_CURATED_RULE_REVIEW,400848eb69569a9d,2026-06-11T01:04:22.930Z
PILOT-151,train,6a17b56fdfef2e015044f954,Gold Aug has support at 4400 & Silver July has support at 72.00,Gold Aug has support at 4400 & Silver July has support at 72.00,International Market,GLOBAL_EQUITY,NON_TRADE,MARKET_COMMENTARY,MULTI_INSTRUMENT,,,"[""GOLD"", ""SILVER""]",AUG,,,,,NONE,,NOT_APPLICABLE,[],,,[],,,False,True,True,False,0.92,False,CURATED_PILOT,ASSISTANT_CURATED_RULE_REVIEW,1095b34404207444,2026-05-28T03:24:31.802Z
PILOT-025,train,6a283acb109e0591bbf77450,Follow stop loss strictly across indices.,Follow stop loss strictly across indices.,International Market,GLOBAL_EQUITY,NON_TRADE,MARKET_COMMENTARY,NONE,,,[],,,,,,NONE,,NOT_APPLICABLE,[],,,[],,,False,False,False,False,0.92,False,CURATED_PILOT,ASSISTANT_CURATED_RULE_REVIEW,a9989c961077e860,2026-06-09T16:09:47.344Z
PILOT-096,train,6a166730dfef2e015044cdbc,Pls note a correction in today's newsletter. Current contract of Nifty & Bank Nifty is June.,Pls note a correction in today's newsletter. Current contract of Nifty & Bank Nifty is June.,NSE,INDIA_EQUITY,NON_TRADE,MARKET_COMMENTARY,MULTI_INSTRUMENT,,,"[""NIFTY"", ""BANKNIFTY""]",JUN,,,,,NONE,,NOT_APPLICABLE,[],,,[],,,True,True,True,False,0.92,False,CURATED_PILOT,ASSISTANT_CURATED_RULE_REVIEW,2a8d760d1ab25763,2026-05-27T03:38:24.512Z
PILOT-185,train,6a34bf461226b8e7029de965,BUY WIPRO@175.50 SL 172  TGT 182-185,BUY WIPRO @175.50 SL 172 TGT 182-185,NSE,INDIA_EQUITY,TRADE_ACTION,OPEN_LONG,SINGLE_INSTRUMENT,,WIPRO,"[""WIPRO""]",,,,LONG,100.0,MODEL_ALLOCATION,,DEFAULT_FULL_ALLOCATION,[175.5],175.5,172.0,"[182.0, 185.0]",182.0,185.0,False,False,False,True,0.98,False,CURATED_PILOT,ASSISTANT_CURATED_RULE_REVIEW,2e30b1b4ff55be30,2026-06-19T04:02:14.978Z
PILOT-015,train,6a3a24dd1226b8e7029e9f8b,AGAIN POSITIONAL BUY TATASTEEL@196 SL 192 TGT 200-205,AGAIN POSITIONAL BUY TATASTEEL @196 SL 192 TGT 200-205,NSE,INDIA_EQUITY,TRADE_ACTION,OPEN_LONG,SINGLE_INSTRUMENT,,TATASTEEL,"[""TATASTEEL""]",,,,LONG,100.0,MODEL_ALLOCATION,,DEFAULT_FULL_ALLOCATION,[196.0],196.0,192.0,"[200.0, 205.0]",200.0,205.0,False,False,False,True,0.98,False,CURATED_PILOT,ASSISTANT_CURATED_RULE_REVIEW,4f1fee26e8c63f93,2026-06-23T06:17:01.456Z
PILOT-088,train,6a3b76321226b8e7029ef796,BUY AXISBANK@1380 SL 1358 TGT 1410-1430,BUY AXISBANK @1380 SL 1358 TGT 1410-1430,NSE,INDIA_EQUITY,TRADE_ACTION,OPEN_LONG,SINGLE_INSTRUMENT,,AXISBANK,"[""AXISBANK""]",,,,LONG,100.0,MODEL_ALLOCATION,,DEFAULT_FULL_ALLOCATION,[1380.0],1380.0,1358.0,"[1410.0, 1430.0]",1410.0,1430.0,False,False,False,True,0.98,False,CURATED_PILOT,ASSISTANT_CURATED_RULE_REVIEW,0935febe24275673,2026-06-24T06:16:18.201Z
PILOT-297,train,6a3a11ce1226b8e7029e97e0,BUY WIPRO@176.50 SL 173 TGT 180-182,BUY WIPRO @176.50 SL 173 TGT 180-182,NSE,INDIA_EQUITY,TRADE_ACTION,OPEN_LONG,SINGLE_INSTRUMENT,,WIPRO,"[""WIPRO""]",,,,LONG,100.0,MODEL_ALLOCATION,,DEFAULT_FULL_ALLOCATION,[176.5],176.5,173.0,"[180.0, 182.0]",180.0,182.0,False,False,False,True,0.98,False,CURATED_PILOT,ASSISTANT_CURATED_RULE_REVIEW,92de1bcd7f7839d0,2026-06-23T04:55:42.765Z
PILOT-224,train,6a219b51109e0591bbf6dcbb,Buy avgo @413 with SL 399 for target 440-460,Buy avgo @413 with SL 399 for target 440-460,International Market,GLOBAL_EQUITY,TRADE_ACTION,OPEN_LONG,SINGLE_INSTRUMENT,,AVGO,"[""AVGO""]",,,,LONG,100.0,MODEL_ALLOCATION,,DEFAULT_FULL_ALLOCATION,[413.0],413.0,399.0,"[440.0, 460.0]",440.0,460.0,False,False,False,True,0.98,False,CURATED_PILOT,ASSISTANT_CURATED_RULE_REVIEW,8b602bd2a73e7b82,2026-06-04T15:35:45.949Z
PILOT-229,train,6a184e3659359ea1faee8eab,Buy crude @ 89 with SL 87 for target 92-95,Buy crude @ 89 with SL 87 for target 92-95,International Market,GLOBAL_COMMODITY,TRADE_ACTION,OPEN_LONG,SINGLE_INSTRUMENT,,CRUDE,"[""CRUDE""]",,,,LONG,100.0,MODEL_ALLOCATION,,DEFAULT_FULL_ALLOCATION,[89.0],89.0,87.0,"[92.0, 95.0]",92.0,95.0,False,False,False,True,0.98,False,CURATED_PILOT,ASSISTANT_CURATED_RULE_REVIEW,212feb367cc349a4,2026-05-28T14:16:22.184Z
PILOT-149,train,6a22c6f0109e0591bbf70232,Buy 50% silver July @72.24 with SL 70 for target 77-81,Buy 50% silver July @72.24 with SL 70 for target 77-81,International Market,GLOBAL_COMMODITY,TRADE_ACTION,OPEN_LONG,SINGLE_INSTRUMENT,,SILVER,"[""SILVER""]",JUL,,,LONG,50.0,MODEL_ALLOCATION,,EXPLICIT_PERCENT,[72.24],72.24,70.0,"[77.0, 81.0]",77.0,81.0,False,False,False,True,0.98,False,CURATED_PILOT,ASSISTANT_CURATED_RULE_REVIEW,9980cfcdf5aaa045,2026-06-05T12:54:08.736Z
PILOT-156,train,6a1d8acb59359ea1faeecf08,Buy MU @1022 with sl 999 for target 1045-1070,Buy MU @1022 with sl 999 for target 1045-1070,International Market,GLOBAL_EQUITY,TRADE_ACTION,OPEN_LONG,SINGLE_INSTRUMENT,,MU,"[""MU""]",,,,LONG,100.0,MODEL_ALLOCATION,,DEFAULT_FULL_ALLOCATION,[1022.0],1022.0,999.0,"[1045.0, 1070.0]",1045.0,1070.0,False,False,False,True,0.98,False,CURATED_PILOT,ASSISTANT_CURATED_RULE_REVIEW,07f97a91ae3b3798,2026-06-01T13:36:11.022Z
PILOT-048,train,6a2fc811b0b2fbc3f68c9123,buy eternal@253 sl 249 tgt 280,buy eternal @253 sl 249 tgt 280,NSE,INDIA_EQUITY,TRADE_ACTION,OPEN_LONG,SINGLE_INSTRUMENT,,ETERNAL,"[""ETERNAL""]",,,,LONG,100.0,MODEL_ALLOCATION,,DEFAULT_FULL_ALLOCATION,[253.0],253.0,249.0,[280.0],280.0,,False,False,False,True,0.98,False,CURATED_PILOT,ASSISTANT_CURATED_RULE_REVIEW,20c0c18d3e8fe8ca,2026-06-15T09:38:25.306Z
PILOT-155,train,6a3ba6f61226b8e7029f0587,BUY CRUDEOILM@6830 STRICT  SL 6798 TGT 7000-7100,BUY CRUDEOILM @6830 STRICT SL 6798 TGT 7000-7100,MCX,INDIA_COMMODITY,TRADE_ACTION,OPEN_LONG,SINGLE_INSTRUMENT,,CRUDE_MINI,"[""CRUDE_MINI""]",,,,LONG,100.0,MODEL_ALLOCATION,,DEFAULT_FULL_ALLOCATION,[6830.0],6830.0,6798.0,"[7000.0, 7100.0]",7000.0,7100.0,False,False,False,True,0.98,False,CURATED_PILOT,ASSISTANT_CURATED_RULE_REVIEW,f6e49e6e96cb7474,2026-06-24T09:44:22.517Z
PILOT-265,train,6a3a031b1226b8e7029e8d30,BUY JSWSTEEL@1275 SL 1260 TGT 1295-1310,BUY JSWSTEEL @1275 SL 1260 TGT 1295-1310,NSE,INDIA_EQUITY,TRADE_ACTION,OPEN_LONG,SINGLE_INSTRUMENT,,JSWSTEEL,"[""JSWSTEEL""]",,,,LONG,100.0,MODEL_ALLOCATION,,DEFAULT_FULL_ALLOCATION,[1275.0],1275.0,1260.0,"[1295.0, 1310.0]",1295.0,1310.0,False,False,False,True,0.98,False,CURATED_PILOT,ASSISTANT_CURATED_RULE_REVIEW,72925ef855515416,2026-06-23T03:52:59.591Z
PILOT-268,train,6a344d0e1226b8e7029dd4fe,Buy 50% ASML @ 1932 with SL 1900 for target 1980-2000,Buy 50% ASML @ 1932 with SL 1900 for target 1980-2000,International Market,GLOBAL_EQUITY,TRADE_ACTION,OPEN_LONG,SINGLE_INSTRUMENT,,ASML,"[""ASML""]",,,,LONG,50.0,MODEL_ALLOCATION,,EXPLICIT_PERCENT,[1932.0],1932.0,1900.0,"[1980.0, 2000.0]",1980.0,2000.0,False,False,False,True,0.98,False,CURATED_PILOT,ASSISTANT_CURATED_RULE_REVIEW,0720c670017e9a96,2026-06-18T19:54:54.048Z
PILOT-244,train,6a3905441226b8e7029e505e,50% BUY NIFTY@24115 SL 24000 TGT 24250-24350,50% BUY NIFTY @24115 SL 24000 TGT 24250-24350,Indian Indices,INDIA_INDEX,TRADE_ACTION,OPEN_LONG,SINGLE_INSTRUMENT,,NIFTY,"[""NIFTY""]",,,,LONG,50.0,MODEL_ALLOCATION,,EXPLICIT_PERCENT,[24115.0],24115.0,24000.0,"[24250.0, 24350.0]",24250.0,24350.0,False,False,False,True,0.98,False,CURATED_PILOT,ASSISTANT_CURATED_RULE_REVIEW,ae78cf8dd105b856,2026-06-22T09:49:56.397Z
PILOT-062,train,6a3429781226b8e7029dd15f,Buy 50% spcx @178.80 for target 210-225,Buy 50% spcx @178.80 for target 210-225,International Market,GLOBAL_EQUITY,TRADE_ACTION,OPEN_LONG,SINGLE_INSTRUMENT,,SPCX,"[""SPCX""]",,,,LONG,50.0,MODEL_ALLOCATION,,EXPLICIT_PERCENT,[178.8],178.8,,"[210.0, 225.0]",210.0,225.0,False,False,False,True,0.98,False,CURATED_PILOT,ASSISTANT_CURATED_RULE_REVIEW,225507509b6e0038,2026-06-18T17:23:04.329Z
PILOT-057,train,6a2967cd109e0591bbf79490,Buy 50% SNDK @ 1592 for target 1650-1700,Buy 50% SNDK @ 1592 for target 1650-1700,International Market,GLOBAL_EQUITY,TRADE_ACTION,OPEN_LONG,SINGLE_INSTRUMENT,,SNDK,"[""SNDK""]",,,,LONG,50.0,MODEL_ALLOCATION,,EXPLICIT_PERCENT,[1592.0],1592.0,,"[1650.0, 1700.0]",1650.0,1700.0,False,False,False,True,0.98,False,CURATED_PILOT,ASSISTANT_CURATED_RULE_REVIEW,d55ee69ca4e53b85,2026-06-10T13:34:05.424Z
PILOT-153,train,6a1ee93659359ea1faeefe02,Buy s&p500 @ 7596 with SL 7550 for target 7640-7685,Buy s&p500 @ 7596 with SL 7550 for target 7640-7685,International Market,GLOBAL_INDEX_OR_MACRO,TRADE_ACTION,OPEN_LONG,SINGLE_INSTRUMENT,,SP500,"[""SP500""]",,,,LONG,100.0,MODEL_ALLOCATION,,DEFAULT_FULL_ALLOCATION,[7596.0],7596.0,7550.0,"[7640.0, 7685.0]",7640.0,7685.0,False,False,False,True,0.98,False,CURATED_PILOT,ASSISTANT_CURATED_RULE_REVIEW,2f1be27318aa2c69,2026-06-02T14:31:18.483Z
PILOT-136,train,6a344ceb1226b8e7029dd4e7,Buy 50% stx @1071 for target 1150-1180,Buy 50% stx @1071 for target 1150-1180,International Market,GLOBAL_EQUITY,TRADE_ACTION,OPEN_LONG,SINGLE_INSTRUMENT,,STX,"[""STX""]",,,,LONG,50.0,MODEL_ALLOCATION,,EXPLICIT_PERCENT,[1071.0],1071.0,,"[1150.0, 1180.0]",1150.0,1180.0,False,False,False,True,0.98,False,CURATED_PILOT,ASSISTANT_CURATED_RULE_REVIEW,347c23f2aad80df0,2026-06-18T19:54:19.131Z
PILOT-217,train,6a1d8bac59359ea1faeecf9b,Buy CRDO @ 236 with SL 228 for target 255-265,Buy CRDO @ 236 with SL 228 for target 255-265,International Market,GLOBAL_EQUITY,TRADE_ACTION,OPEN_LONG,SINGLE_INSTRUMENT,,CRDO,"[""CRDO""]",,,,LONG,100.0,MODEL_ALLOCATION,,DEFAULT_FULL_ALLOCATION,[236.0],236.0,228.0,"[255.0, 265.0]",255.0,265.0,False,False,False,True,0.98,False,CURATED_PILOT,ASSISTANT_CURATED_RULE_REVIEW,777595ca8bd9d5c0,2026-06-01T13:39:56.805Z
PILOT-177,train,6a2033b159359ea1faef1fa1,Positional buy 50% Copper @ 6.50 for target 6.95-7.00,Positional buy 50% Copper @ 6.50 for target 6.95-7.00,International Market,GLOBAL_COMMODITY,TRADE_ACTION,OPEN_LONG,SINGLE_INSTRUMENT,,COPPER,"[""COPPER""]",,,,LONG,50.0,MODEL_ALLOCATION,,EXPLICIT_PERCENT,[6.5],6.5,,"[6.95, 7.0]",6.95,7.0,False,False,False,True,0.98,False,CURATED_PILOT,ASSISTANT_CURATED_RULE_REVIEW,727304ed842c9207,2026-06-03T14:01:21.033Z
PILOT-143,train,6a3ca9f656a63e397cfcbb0b,BUY TMPV(JULY)@359 SL 349 TGT 375-392,BUY TMPV(JULY)@359 SL 349 TGT 375-392,NSE,INDIA_EQUITY,TRADE_ACTION,OPEN_LONG,SINGLE_INSTRUMENT,,TMPV,"[""TMPV""]",JUL,,,LONG,100.0,MODEL_ALLOCATION,,DEFAULT_FULL_ALLOCATION,[359.0],359.0,349.0,"[375.0, 392.0]",375.0,392.0,False,False,False,True,0.98,False,CURATED_PILOT,ASSISTANT_CURATED_RULE_REVIEW,54e0594dd3a12f5b,2026-06-25T04:09:26.309Z
PILOT-242,train,6a2bc873b0b2fbc3f68c5add,BUY M&M@3033 SL 2980 TGT 3080-3140,BUY M&M @3033 SL 2980 TGT 3080-3140,NSE,INDIA_EQUITY,TRADE_ACTION,OPEN_LONG,SINGLE_INSTRUMENT,,M&M,"[""M&M""]",,,,LONG,100.0,MODEL_ALLOCATION,,DEFAULT_FULL_ALLOCATION,[3033.0],3033.0,2980.0,"[3080.0, 3140.0]",3080.0,3140.0,False,False,False,True,0.98,False,CURATED_PILOT,ASSISTANT_CURATED_RULE_REVIEW,a5121b543a954d62,2026-06-12T08:50:59.640Z
PILOT-029,train,6a16f277dfef2e015044eb2e,BUY AMSC @ 53.30 with SL 50.00 for target 58-62,BUY AMSC @ 53.30 with SL 50.00 for target 58-62,International Market,GLOBAL_EQUITY,TRADE_ACTION,OPEN_LONG,SINGLE_INSTRUMENT,,AMSC,"[""AMSC""]",,,,LONG,100.0,MODEL_ALLOCATION,,DEFAULT_FULL_ALLOCATION,[53.3],53.3,50.0,"[58.0, 62.0]",58.0,62.0,False,False,False,True,0.98,False,CURATED_PILOT,ASSISTANT_CURATED_RULE_REVIEW,75d5ebd7eae34f05,2026-05-27T13:32:39.188Z
PILOT-024,train,6a28db7f109e0591bbf7796a,buy copper 6.31 &6.25 sl 6.19 tgt 6.45-6.60,buy copper 6.31 &6.25 sl 6.19 tgt 6.45-6.60,International Market,GLOBAL_COMMODITY,TRADE_ACTION,OPEN_LONG,SINGLE_INSTRUMENT,,COPPER,"[""COPPER""]",,,,LONG,100.0,MODEL_ALLOCATION,,DEFAULT_FULL_ALLOCATION,"[6.31, 6.25]",6.31,6.19,"[6.45, 6.6]",6.45,6.6,False,False,False,True,0.98,False,CURATED_PILOT,ASSISTANT_CURATED_RULE_REVIEW,74a3f527a442d94c,2026-06-10T03:35:27.933Z
PILOT-188,train,6a226f45109e0591bbf6f20a,POSITIONAL 50% BUY MCX @2909  TGT 3100- 3200,POSITIONAL 50% BUY MCX @2909 TGT 3100- 3200,NSE,INDIA_EQUITY,TRADE_ACTION,OPEN_LONG,SINGLE_INSTRUMENT,,MCX,"[""MCX""]",,,,LONG,50.0,MODEL_ALLOCATION,,EXPLICIT_PERCENT,[2909.0],2909.0,,"[3100.0, 3200.0]",3100.0,3200.0,False,False,False,True,0.98,False,CURATED_PILOT,ASSISTANT_CURATED_RULE_REVIEW,be80487c20596b6e,2026-06-05T06:40:05.729Z
PILOT-228,train,6a296896109e0591bbf79551,Buy 30% Nasdaq @ 28880 with S/L 28490 for target 29200-29400,Buy 30% Nasdaq @ 28880 with S/L 28490 for target 29200-29400,International Market,GLOBAL_INDEX_OR_MACRO,TRADE_ACTION,OPEN_LONG,SINGLE_INSTRUMENT,,NASDAQ,"[""NASDAQ""]",,,,LONG,30.0,MODEL_ALLOCATION,,EXPLICIT_PERCENT,[28880.0],28880.0,28490.0,"[29200.0, 29400.0]",29200.0,29400.0,False,False,False,True,0.98,False,CURATED_PILOT,ASSISTANT_CURATED_RULE_REVIEW,01ac79c65fb4b450,2026-06-10T13:37:26.654Z
PILOT-027,train,6a3882c21226b8e7029e16ac,Buy 50% nasdaq @ 30230 with SL 29800 for target 30500-30700,Buy 50% nasdaq @ 30230 with SL 29800 for target 30500-30700,International Market,GLOBAL_INDEX_OR_MACRO,TRADE_ACTION,OPEN_LONG,SINGLE_INSTRUMENT,,NASDAQ,"[""NASDAQ""]",,,,LONG,50.0,MODEL_ALLOCATION,,EXPLICIT_PERCENT,[30230.0],30230.0,29800.0,"[30500.0, 30700.0]",30500.0,30700.0,False,False,False,True,0.98,False,CURATED_PILOT,ASSISTANT_CURATED_RULE_REVIEW,e015f7fd0e5b62d9,2026-06-22T00:33:06.471Z
PILOT-196,train,6a263850109e0591bbf718d3,buy copper @1334 sl 1324 tgt 1345-1355,buy copper @1334 sl 1324 tgt 1345-1355,MCX,INDIA_COMMODITY,TRADE_ACTION,OPEN_LONG,SINGLE_INSTRUMENT,,COPPER,"[""COPPER""]",,,,LONG,100.0,MODEL_ALLOCATION,,DEFAULT_FULL_ALLOCATION,[1334.0],1334.0,1324.0,"[1345.0, 1355.0]",1345.0,1355.0,False,False,False,True,0.98,False,CURATED_PILOT,ASSISTANT_CURATED_RULE_REVIEW,3d3d111c337cb0c5,2026-06-08T03:34:40.880Z
PILOT-113,train,6a20f67a59359ea1faef2b4b,BUY KOTAKBANK @381.70 SL 377 TGT 386-390,BUY KOTAKBANK @381.70 SL 377 TGT 386-390,NSE,INDIA_EQUITY,TRADE_ACTION,OPEN_LONG,SINGLE_INSTRUMENT,,KOTAKBANK,"[""KOTAKBANK""]",,,,LONG,100.0,MODEL_ALLOCATION,,DEFAULT_FULL_ALLOCATION,[381.7],381.7,377.0,"[386.0, 390.0]",386.0,390.0,False,False,False,True,0.98,False,CURATED_PILOT,ASSISTANT_CURATED_RULE_REVIEW,c72fa6fa6efe8632,2026-06-04T03:52:26.135Z
PILOT-141,train,6a3a28fe1226b8e7029ea30b,50% BUY NIFTY@24002 SL 23900 TGT 24200-24300,50% BUY NIFTY @24002 SL 23900 TGT 24200-24300,Indian Indices,INDIA_INDEX,TRADE_ACTION,OPEN_LONG,SINGLE_INSTRUMENT,,NIFTY,"[""NIFTY""]",,,,LONG,50.0,MODEL_ALLOCATION,,EXPLICIT_PERCENT,[24002.0],24002.0,23900.0,"[24200.0, 24300.0]",24200.0,24300.0,False,False,False,True,0.98,False,CURATED_PILOT,ASSISTANT_CURATED_RULE_REVIEW,7b48aba13ba0f840,2026-06-23T06:34:38.619Z
PILOT-201,train,6a1fa0d959359ea1faef06d5,Buy NG @ 3.15 & 3.08 with S/L 3.00 for target 3.30-3.45,Buy NG @ 3.15 & 3.08 with S/L 3.00 for target 3.30-3.45,International Market,GLOBAL_COMMODITY,TRADE_ACTION,OPEN_LONG,SINGLE_INSTRUMENT,,NATURAL_GAS,"[""NATURAL_GAS""]",,,,LONG,100.0,MODEL_ALLOCATION,,DEFAULT_FULL_ALLOCATION,"[3.15, 3.08]",3.15,3.0,"[3.3, 3.45]",3.3,3.45,False,False,False,True,0.98,False,CURATED_PILOT,ASSISTANT_CURATED_RULE_REVIEW,e7d534e0cbbee66f,2026-06-03T03:34:49.706Z
PILOT-234,train,6a1d9d0659359ea1faeed1ea,50% Buy GEV@ 944 tgt 1040-1090,50% Buy GEV @ 944 tgt 1040-1090,International Market,GLOBAL_EQUITY,TRADE_ACTION,OPEN_LONG,SINGLE_INSTRUMENT,,GEV,"[""GEV""]",,,,LONG,50.0,MODEL_ALLOCATION,,EXPLICIT_PERCENT,[944.0],944.0,,"[1040.0, 1090.0]",1040.0,1090.0,False,False,False,True,0.98,False,CURATED_PILOT,ASSISTANT_CURATED_RULE_REVIEW,55e0729bb5d47775,2026-06-01T14:53:58.821Z
PILOT-243,train,6a2b8168b0b2fbc3f68c3cb6,BUY MANNAPURUM @302 SL 298 TGT 310-320,BUY MANNAPURUM @302 SL 298 TGT 310-320,NSE,INDIA_EQUITY,TRADE_ACTION,OPEN_LONG,SINGLE_INSTRUMENT,,MANNAPURUM,"[""MANNAPURUM""]",,,,LONG,100.0,MODEL_ALLOCATION,,DEFAULT_FULL_ALLOCATION,[302.0],302.0,298.0,"[310.0, 320.0]",310.0,320.0,False,False,False,True,0.98,False,CURATED_PILOT,ASSISTANT_CURATED_RULE_REVIEW,a05a0a7dad628517,2026-06-12T03:47:52.972Z
PILOT-101,train,6a3d336556a63e397cfcd7c6,Buy 50% ARM @ 341 for target 380-430,Buy 50% ARM @ 341 for target 380-430,International Market,GLOBAL_EQUITY,TRADE_ACTION,OPEN_LONG,SINGLE_INSTRUMENT,,ARM,"[""ARM""]",,,,LONG,50.0,MODEL_ALLOCATION,,EXPLICIT_PERCENT,[341.0],341.0,,"[380.0, 430.0]",380.0,430.0,False,False,False,True,0.98,False,CURATED_PILOT,ASSISTANT_CURATED_RULE_REVIEW,72112f840bd26ae5,2026-06-25T13:55:49.684Z
PILOT-131,train,6a263c94109e0591bbf71e34,BUY IDFCFIRSTB@72.65 SL 71 TGT 75-77.50,BUY IDFCFIRSTB @72.65 SL 71 TGT 75-77.50,NSE,INDIA_EQUITY,TRADE_ACTION,OPEN_LONG,SINGLE_INSTRUMENT,,IDFCFIRSTB,"[""IDFCFIRSTB""]",,,,LONG,100.0,MODEL_ALLOCATION,,DEFAULT_FULL_ALLOCATION,[72.65],72.65,71.0,"[75.0, 77.5]",75.0,77.5,False,False,False,True,0.98,False,CURATED_PILOT,ASSISTANT_CURATED_RULE_REVIEW,4744d879115b9c33,2026-06-08T03:52:52.679Z
PILOT-166,train,6a172daddfef2e015044f6fc,Buy MRVL @ 199 with SL 195 for target 205/210,Buy MRVL @ 199 with SL 195 for target 205/210,International Market,GLOBAL_EQUITY,TRADE_ACTION,OPEN_LONG,SINGLE_INSTRUMENT,,MRVL,"[""MRVL""]",,,,LONG,100.0,MODEL_ALLOCATION,,DEFAULT_FULL_ALLOCATION,"[205.0, 210.0, 199.0]",205.0,195.0,"[205.0, 210.0]",205.0,210.0,False,False,False,True,0.98,False,CURATED_PILOT,ASSISTANT_CURATED_RULE_REVIEW,6c14a9fc7b5297cb,2026-05-27T17:45:17.924Z
PILOT-076,train,6a2ac2e8b0b2fbc3f68c275d,Buy 50% wdc @499.5 for target 530-560,Buy 50% wdc @499.5 for target 530-560,International Market,GLOBAL_EQUITY,TRADE_ACTION,OPEN_LONG,SINGLE_INSTRUMENT,,WDC,"[""WDC""]",,,,LONG,50.0,MODEL_ALLOCATION,,EXPLICIT_PERCENT,[499.5],499.5,,"[530.0, 560.0]",530.0,560.0,False,False,False,True,0.98,False,CURATED_PILOT,ASSISTANT_CURATED_RULE_REVIEW,748cb6aa9f71b293,2026-06-11T14:15:04.231Z
PILOT-112,train,6a16848bdfef2e015044d733,Buy silver July @76.00 with sl 74.40 for target 77.50-79.00,Buy silver July @76.00 with sl 74.40 for target 77.50-79.00,International Market,GLOBAL_COMMODITY,TRADE_ACTION,OPEN_LONG,SINGLE_INSTRUMENT,,SILVER,"[""SILVER""]",JUL,,,LONG,100.0,MODEL_ALLOCATION,,DEFAULT_FULL_ALLOCATION,[76.0],76.0,74.4,"[77.5, 79.0]",77.5,79.0,False,False,False,True,0.98,False,CURATED_PILOT,ASSISTANT_CURATED_RULE_REVIEW,f36fd653340ca190,2026-05-27T05:43:39.328Z
PILOT-239,train,6a2034aa59359ea1faef203d,Buy 50% Dow @ 51000 with S/L 50500 for target 51500-51800,Buy 50% Dow @ 51000 with S/L 50500 for target 51500-51800,International Market,GLOBAL_INDEX_OR_MACRO,TRADE_ACTION,OPEN_LONG,SINGLE_INSTRUMENT,,DOW,"[""DOW""]",,,,LONG,50.0,MODEL_ALLOCATION,,EXPLICIT_PERCENT,[51000.0],51000.0,50500.0,"[51500.0, 51800.0]",51500.0,51800.0,False,False,False,True,0.98,False,CURATED_PILOT,ASSISTANT_CURATED_RULE_REVIEW,e93271e2c7ef7ce1,2026-06-03T14:05:30.280Z
PILOT-261,train,6a3a11961226b8e7029e9756,BUY DRREDDY@1316 SL 1290 TGT 1330-1350,BUY DRREDDY @1316 SL 1290 TGT 1330-1350,NSE,INDIA_EQUITY,TRADE_ACTION,OPEN_LONG,SINGLE_INSTRUMENT,,DRREDDY,"[""DRREDDY""]",,,,LONG,100.0,MODEL_ALLOCATION,,DEFAULT_FULL_ALLOCATION,[1316.0],1316.0,1290.0,"[1330.0, 1350.0]",1330.0,1350.0,False,False,False,True,0.98,False,CURATED_PILOT,ASSISTANT_CURATED_RULE_REVIEW,ee26a9186690ba48,2026-06-23T04:54:46.827Z
PILOT-158,train,6a3cf7d156a63e397cfcca0d,BUY HINDALCO(JULY)@955 SL 940 TGT 970-980,BUY HINDALCO(JULY)@955 SL 940 TGT 970-980,NSE,INDIA_EQUITY,TRADE_ACTION,OPEN_LONG,SINGLE_INSTRUMENT,,HINDALCO,"[""HINDALCO""]",JUL,,,LONG,100.0,MODEL_ALLOCATION,,DEFAULT_FULL_ALLOCATION,[955.0],955.0,940.0,"[970.0, 980.0]",970.0,980.0,False,False,False,True,0.98,False,CURATED_PILOT,ASSISTANT_CURATED_RULE_REVIEW,0dd91abcddc94af3,2026-06-25T09:41:37.909Z
PILOT-169,train,6a27c818109e0591bbf7561d,BUY ADANIENT @2967 SL 2930 TGT 3030-3080,BUY ADANIENT @2967 SL 2930 TGT 3030-3080,NSE,INDIA_EQUITY,TRADE_ACTION,OPEN_LONG,SINGLE_INSTRUMENT,,ADANIENT,"[""ADANIENT""]",,,,LONG,100.0,MODEL_ALLOCATION,,DEFAULT_FULL_ALLOCATION,[2967.0],2967.0,2930.0,"[3030.0, 3080.0]",3030.0,3080.0,False,False,False,True,0.98,False,CURATED_PILOT,ASSISTANT_CURATED_RULE_REVIEW,275361281eb0c196,2026-06-09T08:00:24.256Z
PILOT-079,train,6a20c49359359ea1faef26ef,Market is expected to move higher in today's session. Buy s&p500 @ 7530 with S/L 7500 for target 7600,Market is expected to move higher in today's session. Buy s&p500 @ 7530 with S/L 7500 for target 7600,International Market,GLOBAL_INDEX_OR_MACRO,TRADE_ACTION,OPEN_LONG,SINGLE_INSTRUMENT,,SP500,"[""SP500""]",,,,LONG,100.0,MODEL_ALLOCATION,,DEFAULT_FULL_ALLOCATION,[7530.0],7530.0,7500.0,[7600.0],7600.0,,False,False,False,True,0.98,False,CURATED_PILOT,ASSISTANT_CURATED_RULE_REVIEW,df12608cdd3a3960,2026-06-04T00:19:31.926Z
PILOT-258,train,6a184e2359359ea1faee8e99,Buy crude @ 8490 SL 8400 TGT 8650-8800,Buy crude @ 8490 SL 8400 TGT 8650-8800,MCX,INDIA_COMMODITY,TRADE_ACTION,OPEN_LONG,SINGLE_INSTRUMENT,,CRUDE,"[""CRUDE""]",,,,LONG,100.0,MODEL_ALLOCATION,,DEFAULT_FULL_ALLOCATION,[8490.0],8490.0,8400.0,"[8650.0, 8800.0]",8650.0,8800.0,False,False,False,True,0.98,False,CURATED_PILOT,ASSISTANT_CURATED_RULE_REVIEW,992b11f2b3107e4e,2026-05-28T14:16:03.893Z
PILOT-106,train,6a16f7fadfef2e015044ec66,Buy 50% Dow @50640 with SL 50200 for target 51000,Buy 50% Dow @50640 with SL 50200 for target 51000,International Market,GLOBAL_INDEX_OR_MACRO,TRADE_ACTION,OPEN_LONG,SINGLE_INSTRUMENT,,DOW,"[""DOW""]",,,,LONG,50.0,MODEL_ALLOCATION,,EXPLICIT_PERCENT,[50640.0],50640.0,50200.0,[51000.0],51000.0,,False,False,False,True,0.98,False,CURATED_PILOT,ASSISTANT_CURATED_RULE_REVIEW,b25e8264e2d44677,2026-05-27T13:56:10.625Z
PILOT-148,train,6a1e2c8559359ea1faeed6d0,"Buy silver July @75.40 & 74.60 with sl 74,00 for target 77.00-78.00","Buy silver July @75.40 & 74.60 with sl 74,00 for target 77.00-78.00",International Market,GLOBAL_COMMODITY,TRADE_ACTION,OPEN_LONG,SINGLE_INSTRUMENT,,SILVER,"[""SILVER""]",JUL,,,LONG,100.0,MODEL_ALLOCATION,,DEFAULT_FULL_ALLOCATION,"[75.4, 74.6]",75.4,74.0,"[77.0, 78.0]",77.0,78.0,False,False,False,True,0.98,False,CURATED_PILOT,ASSISTANT_CURATED_RULE_REVIEW,023bd87f57a77125,2026-06-02T01:06:13.882Z
PILOT-163,train,6a281f00109e0591bbf76d88,Buy VX @ 18.02 with SL 17.00 for target 19.50-20.00,Buy VX @ 18.02 with SL 17.00 for target 19.50-20.00,International Market,GLOBAL_INDEX_OR_MACRO,TRADE_ACTION,OPEN_LONG,SINGLE_INSTRUMENT,,VIX,"[""VIX""]",,,,LONG,100.0,MODEL_ALLOCATION,,DEFAULT_FULL_ALLOCATION,[18.02],18.02,17.0,"[19.5, 20.0]",19.5,20.0,False,False,False,True,0.98,False,CURATED_PILOT,ASSISTANT_CURATED_RULE_REVIEW,61f8b36868c9d217,2026-06-09T14:11:12.585Z
PILOT-208,train,6a2ac1d1b0b2fbc3f68c2569,Buy 50% avgo @377.70 for target 400-420,Buy 50% avgo @377.70 for target 400-420,International Market,GLOBAL_EQUITY,TRADE_ACTION,OPEN_LONG,SINGLE_INSTRUMENT,,AVGO,"[""AVGO""]",,,,LONG,50.0,MODEL_ALLOCATION,,EXPLICIT_PERCENT,[377.7],377.7,,"[400.0, 420.0]",400.0,420.0,False,False,False,True,0.98,False,CURATED_PILOT,ASSISTANT_CURATED_RULE_REVIEW,45e261e2cec67c55,2026-06-11T14:10:25.414Z
PILOT-174,train,6a1669dcdfef2e015044ce9c,BUY VEDL @350 .50 SL  345 TGT 355-360,BUY VEDL @350.50 SL 345 TGT 355-360,NSE,INDIA_EQUITY,TRADE_ACTION,OPEN_LONG,SINGLE_INSTRUMENT,,VEDL,"[""VEDL""]",,,,LONG,100.0,MODEL_ALLOCATION,,DEFAULT_FULL_ALLOCATION,[350.5],350.5,345.0,"[355.0, 360.0]",355.0,360.0,False,False,False,True,0.98,False,CURATED_PILOT,ASSISTANT_CURATED_RULE_REVIEW,e09afd304be75631,2026-05-27T03:49:48.741Z
PILOT-213,train,6a2c129db0b2fbc3f68c6c6c,Buy 50% sndk @1983 with SL 1860 for target 2020-2069,Buy 50% sndk @1983 with SL 1860 for target 2020-2069,International Market,GLOBAL_EQUITY,TRADE_ACTION,OPEN_LONG,SINGLE_INSTRUMENT,,SNDK,"[""SNDK""]",,,,LONG,50.0,MODEL_ALLOCATION,,EXPLICIT_PERCENT,[1983.0],1983.0,1860.0,"[2020.0, 2069.0]",2020.0,2069.0,False,False,False,True,0.98,False,CURATED_PILOT,ASSISTANT_CURATED_RULE_REVIEW,fceb75eb7c5ff959,2026-06-12T14:07:25.895Z
PILOT-138,train,6a3d333056a63e397cfcd79b,Buy 50% AMD @ 514 for target 550-570,Buy 50% AMD @ 514 for target 550-570,International Market,GLOBAL_EQUITY,TRADE_ACTION,OPEN_LONG,SINGLE_INSTRUMENT,,AMD,"[""AMD""]",,,,LONG,50.0,MODEL_ALLOCATION,,EXPLICIT_PERCENT,[514.0],514.0,,"[550.0, 570.0]",550.0,570.0,False,False,False,True,0.98,False,CURATED_PILOT,ASSISTANT_CURATED_RULE_REVIEW,08e382f9ecc2f3cb,2026-06-25T13:54:56.340Z
PILOT-210,train,6a13c86a835de84db36970a0,BUY RBLBANK @341.90 SL 336 TGT 348-352,BUY RBLBANK @341.90 SL 336 TGT 348-352,NSE,INDIA_EQUITY,TRADE_ACTION,OPEN_LONG,SINGLE_INSTRUMENT,,RBLBANK,"[""RBLBANK""]",,,,LONG,100.0,MODEL_ALLOCATION,,DEFAULT_FULL_ALLOCATION,[341.9],341.9,336.0,"[348.0, 352.0]",348.0,352.0,False,False,False,True,0.98,False,CURATED_PILOT,ASSISTANT_CURATED_RULE_REVIEW,95dae1f6412c0834,2026-05-25T03:56:26.763Z
PILOT-147,train,6a1d01a459359ea1faeebf06,BUY ASIANPAINT @2756 SL 2720 TGT 2800-2840,BUY ASIANPAINT @2756 SL 2720 TGT 2800-2840,NSE,INDIA_EQUITY,TRADE_ACTION,OPEN_LONG,SINGLE_INSTRUMENT,,ASIANPAINT,"[""ASIANPAINT""]",,,,LONG,100.0,MODEL_ALLOCATION,,DEFAULT_FULL_ALLOCATION,[2756.0],2756.0,2720.0,"[2800.0, 2840.0]",2800.0,2840.0,False,False,False,True,0.98,False,CURATED_PILOT,ASSISTANT_CURATED_RULE_REVIEW,305f7c1b8451250d,2026-06-01T03:51:00.656Z
PILOT-070,train,6a1ee7fe59359ea1faeefda6,Buy Russell @ 2920 & 2890 with SL 2880 for target 2940-2970.,Buy Russell @ 2920 & 2890 with SL 2880 for target 2940-2970.,International Market,GLOBAL_INDEX_OR_MACRO,TRADE_ACTION,OPEN_LONG,SINGLE_INSTRUMENT,,RUSSELL,"[""RUSSELL""]",,,,LONG,100.0,MODEL_ALLOCATION,,DEFAULT_FULL_ALLOCATION,"[2920.0, 2890.0]",2920.0,2880.0,"[2940.0, 2970.0]",2940.0,2970.0,False,False,False,True,0.98,False,CURATED_PILOT,ASSISTANT_CURATED_RULE_REVIEW,6bcc4051352e5279,2026-06-02T14:26:06.304Z
PILOT-047,train,6a1ee91459359ea1faeefde7,Buy Nasdaq @30505 & 30200 with SL 30100 for target 30700-30900,Buy Nasdaq @30505 & 30200 with SL 30100 for target 30700-30900,International Market,GLOBAL_INDEX_OR_MACRO,TRADE_ACTION,OPEN_LONG,SINGLE_INSTRUMENT,,NASDAQ,"[""NASDAQ""]",,,,LONG,100.0,MODEL_ALLOCATION,,DEFAULT_FULL_ALLOCATION,"[30505.0, 30200.0]",30505.0,30100.0,"[30700.0, 30900.0]",30700.0,30900.0,False,False,False,True,0.98,False,CURATED_PILOT,ASSISTANT_CURATED_RULE_REVIEW,118cc020f1c1eca3,2026-06-02T14:30:44.022Z
PILOT-041,train,6a3beab956a63e397cfc9217,Sell dow @51905 with SL 52360 for target 51600-51400,Sell dow @51905 with SL 52360 for target 51600-51400,International Market,GLOBAL_INDEX_OR_MACRO,TRADE_ACTION,OPEN_SHORT,SINGLE_INSTRUMENT,,DOW,"[""DOW""]",,,,SHORT,100.0,MODEL_ALLOCATION,,DEFAULT_FULL_ALLOCATION,[51905.0],51905.0,52360.0,"[51600.0, 51400.0]",51600.0,51400.0,False,False,False,True,0.96,False,CURATED_PILOT,ASSISTANT_CURATED_RULE_REVIEW,c7f1b75f53d947b3,2026-06-24T14:33:29.541Z
PILOT-013,train,6a167a58dfef2e015044d6ee,50% SELL NIFTY @24030 SL 24200 TGT 23900-23750,50% SELL NIFTY @24030 SL 24200 TGT 23900-23750,NSE,INDIA_EQUITY,TRADE_ACTION,OPEN_SHORT,SINGLE_INSTRUMENT,,NIFTY,"[""NIFTY""]",,,,SHORT,50.0,MODEL_ALLOCATION,,EXPLICIT_PERCENT,[24030.0],24030.0,24200.0,"[23900.0, 23750.0]",23900.0,23750.0,False,False,False,True,0.97,False,CURATED_PILOT,ASSISTANT_CURATED_RULE_REVIEW,e82f3114dbe5b950,2026-05-27T05:00:08.324Z
PILOT-090,train,6a3a58b71226b8e7029eb1fd,50% SELL BANKNIFTY@57176 SL 57500 TGT OPEN,50% SELL BANKNIFTY @57176 SL 57500 TGT OPEN,Indian Indices,INDIA_INDEX,TRADE_ACTION,OPEN_SHORT,SINGLE_INSTRUMENT,,BANKNIFTY,"[""BANKNIFTY""]",,,,SHORT,50.0,MODEL_ALLOCATION,,EXPLICIT_PERCENT,[57176.0],57176.0,57500.0,[],,,False,False,False,True,0.97,False,CURATED_PILOT,ASSISTANT_CURATED_RULE_REVIEW,8d9f2f23fbb4065f,2026-06-23T09:58:15.724Z
PILOT-241,train,6a278de3109e0591bbf74882,SELL SBIN @994 SL 1012 TGT 973,SELL SBIN @994 SL 1012 TGT 973,NSE,INDIA_EQUITY,TRADE_ACTION,OPEN_SHORT,SINGLE_INSTRUMENT,,SBIN,"[""SBIN""]",,,,SHORT,100.0,MODEL_ALLOCATION,,DEFAULT_FULL_ALLOCATION,[994.0],994.0,1012.0,[973.0],973.0,,False,False,False,True,0.96,False,CURATED_PILOT,ASSISTANT_CURATED_RULE_REVIEW,b679a92f04661630,2026-06-09T03:52:03.653Z
PILOT-125,train,6a3d36e456a63e397cfcd987,Sell Dow @ 52423 with S/L 52600 for target 51800-51550,Sell Dow @ 52423 with S/L 52600 for target 51800-51550,International Market,GLOBAL_INDEX_OR_MACRO,TRADE_ACTION,OPEN_SHORT,SINGLE_INSTRUMENT,,DOW,"[""DOW""]",,,,SHORT,100.0,MODEL_ALLOCATION,,DEFAULT_FULL_ALLOCATION,[52423.0],52423.0,52600.0,"[51800.0, 51550.0]",51800.0,51550.0,False,False,False,True,0.96,False,CURATED_PILOT,ASSISTANT_CURATED_RULE_REVIEW,8d2ce635bcae3952,2026-06-25T14:10:44.815Z
PILOT-121,train,6a1d0ebe59359ea1faeec39d,SELL INFY @1210 SL 1232 TGT 1182-1162,SELL INFY @1210 SL 1232 TGT 1182-1162,NSE,INDIA_EQUITY,TRADE_ACTION,OPEN_SHORT,SINGLE_INSTRUMENT,,INFY,"[""INFY""]",,,,SHORT,100.0,MODEL_ALLOCATION,,DEFAULT_FULL_ALLOCATION,[1210.0],1210.0,1232.0,"[1182.0, 1162.0]",1182.0,1162.0,False,False,False,True,0.96,False,CURATED_PILOT,ASSISTANT_CURATED_RULE_REVIEW,5a9e4fd445daf49f,2026-06-01T04:46:54.303Z
PILOT-129,train,6a19ecb959359ea1faeeb84a,Sell Dow @ 51060 with SL 51260 for target 50600-50200,Sell Dow @ 51060 with SL 51260 for target 50600-50200,International Market,GLOBAL_INDEX_OR_MACRO,TRADE_ACTION,OPEN_SHORT,SINGLE_INSTRUMENT,,DOW,"[""DOW""]",,,,SHORT,100.0,MODEL_ALLOCATION,,DEFAULT_FULL_ALLOCATION,[51060.0],51060.0,51260.0,"[50600.0, 50200.0]",50600.0,50200.0,False,False,False,True,0.96,False,CURATED_PILOT,ASSISTANT_CURATED_RULE_REVIEW,d6c1ca510330e1ee,2026-05-29T19:44:57.493Z
PILOT-256,train,6a3d45fd56a63e397cfce02d,Sell crude@ 71.60 sl 73.60 tgt 68,Sell crude @ 71.60 sl 73.60 tgt 68,International Market,GLOBAL_COMMODITY,TRADE_ACTION,OPEN_SHORT,SINGLE_INSTRUMENT,,CRUDE,"[""CRUDE""]",,,,SHORT,100.0,MODEL_ALLOCATION,,DEFAULT_FULL_ALLOCATION,[71.6],71.6,73.6,[68.0],68.0,,False,False,False,True,0.96,False,CURATED_PILOT,ASSISTANT_CURATED_RULE_REVIEW,cde61e75737c997f,2026-06-25T15:15:09.048Z
PILOT-043,train,6a1e9dde59359ea1faeeeb8a,50% SELL NIFTY @23585 TGT 23300-23000,50% SELL NIFTY @23585 TGT 23300-23000,NSE,INDIA_EQUITY,TRADE_ACTION,OPEN_SHORT,SINGLE_INSTRUMENT,,NIFTY,"[""NIFTY""]",,,,SHORT,50.0,MODEL_ALLOCATION,,EXPLICIT_PERCENT,[23585.0],23585.0,,"[23300.0, 23000.0]",23300.0,23000.0,False,False,False,True,0.97,False,CURATED_PILOT,ASSISTANT_CURATED_RULE_REVIEW,67125ff4c8540d76,2026-06-02T09:09:50.722Z
PILOT-223,train,6a2256d7109e0591bbf6eb5d,50% SELL BANKNIFTY @55045 SL 55500 TGT 54500-54000,50% SELL BANKNIFTY @55045 SL 55500 TGT 54500-54000,Indian Indices,INDIA_INDEX,TRADE_ACTION,OPEN_SHORT,SINGLE_INSTRUMENT,,BANKNIFTY,"[""BANKNIFTY""]",,,,SHORT,50.0,MODEL_ALLOCATION,,EXPLICIT_PERCENT,[55045.0],55045.0,55500.0,"[54500.0, 54000.0]",54500.0,54000.0,False,False,False,True,0.97,False,CURATED_PILOT,ASSISTANT_CURATED_RULE_REVIEW,ebbafb053844e2c7,2026-06-05T04:55:51.528Z
PILOT-273,train,6a2bc758b0b2fbc3f68c5991,50% SELL BANKNIFTY@56598 SL 57000 TGT 56000-55800,50% SELL BANKNIFTY @56598 SL 57000 TGT 56000-55800,Indian Indices,INDIA_INDEX,TRADE_ACTION,OPEN_SHORT,SINGLE_INSTRUMENT,,BANKNIFTY,"[""BANKNIFTY""]",,,,SHORT,50.0,MODEL_ALLOCATION,,EXPLICIT_PERCENT,[56598.0],56598.0,57000.0,"[56000.0, 55800.0]",56000.0,55800.0,False,False,False,True,0.97,False,CURATED_PILOT,ASSISTANT_CURATED_RULE_REVIEW,bb1e8037a7a0ca1f,2026-06-12T08:46:16.861Z
PILOT-132,train,6a296db3109e0591bbf7968d,Sell crude @ 89.80 with S/L 92.00 for target 87-86,Sell crude @ 89.80 with S/L 92.00 for target 87-86,International Market,GLOBAL_COMMODITY,TRADE_ACTION,OPEN_SHORT,SINGLE_INSTRUMENT,,CRUDE,"[""CRUDE""]",,,,SHORT,100.0,MODEL_ALLOCATION,,DEFAULT_FULL_ALLOCATION,[89.8],89.8,92.0,"[87.0, 86.0]",87.0,86.0,False,False,False,True,0.96,False,CURATED_PILOT,ASSISTANT_CURATED_RULE_REVIEW,7430db94861882fc,2026-06-10T13:59:15.724Z
PILOT-193,train,6a2b8118b0b2fbc3f68c3c32,50% SELL BANKNIFTY @56000 SL 56600 TGT 55600-55200,50% SELL BANKNIFTY @56000 SL 56600 TGT 55600-55200,Indian Indices,INDIA_INDEX,TRADE_ACTION,OPEN_SHORT,SINGLE_INSTRUMENT,,BANKNIFTY,"[""BANKNIFTY""]",,,,SHORT,50.0,MODEL_ALLOCATION,,EXPLICIT_PERCENT,[56000.0],56000.0,56600.0,"[55600.0, 55200.0]",55600.0,55200.0,False,False,False,True,0.97,False,CURATED_PILOT,ASSISTANT_CURATED_RULE_REVIEW,3136a4eb82e5dabb,2026-06-12T03:46:32.331Z
PILOT-186,train,6a166a88dfef2e015044cf28,SELL UNIONBANK @170 SL 173 TGT 160,SELL UNIONBANK @170 SL 173 TGT 160,NSE,INDIA_EQUITY,TRADE_ACTION,OPEN_SHORT,SINGLE_INSTRUMENT,,UNIONBANK,"[""UNIONBANK""]",,,,SHORT,100.0,MODEL_ALLOCATION,,DEFAULT_FULL_ALLOCATION,[170.0],170.0,173.0,[160.0],160.0,,False,False,False,True,0.96,False,CURATED_PILOT,ASSISTANT_CURATED_RULE_REVIEW,d13e272a45c51eb3,2026-05-27T03:52:40.183Z
PILOT-023,train,6a1feebb59359ea1faef19b7,SELL TMPV @399 SL 412 TGT 385-380,SELL TMPV @399 SL 412 TGT 385-380,NSE,INDIA_EQUITY,TRADE_ACTION,OPEN_SHORT,SINGLE_INSTRUMENT,,TMPV,"[""TMPV""]",,,,SHORT,100.0,MODEL_ALLOCATION,,DEFAULT_FULL_ALLOCATION,[399.0],399.0,412.0,"[385.0, 380.0]",385.0,380.0,False,False,False,True,0.96,False,CURATED_PILOT,ASSISTANT_CURATED_RULE_REVIEW,662714b23551d56a,2026-06-03T09:07:07.683Z
PILOT-008,train,6a226044109e0591bbf6ef03,50% SELL NIFTY @23540  TGT 23400-23300,50% SELL NIFTY @23540 TGT 23400-23300,Indian Indices,INDIA_INDEX,TRADE_ACTION,OPEN_SHORT,SINGLE_INSTRUMENT,,NIFTY,"[""NIFTY""]",,,,SHORT,50.0,MODEL_ALLOCATION,,EXPLICIT_PERCENT,[23540.0],23540.0,,"[23400.0, 23300.0]",23400.0,23300.0,False,False,False,True,0.97,False,CURATED_PILOT,ASSISTANT_CURATED_RULE_REVIEW,a4cfb8d1f79bc229,2026-06-05T05:36:04.748Z
PILOT-165,train,6a19093559359ea1faee9e62,SELL COPPER (JUN) @1358 SL 1366 TGT 1340-1332,SELL COPPER (JUN) @1358 SL 1366 TGT 1340-1332,MCX,INDIA_COMMODITY,TRADE_ACTION,OPEN_SHORT,SINGLE_INSTRUMENT,,COPPER,"[""COPPER""]",JUN,,,SHORT,100.0,MODEL_ALLOCATION,,DEFAULT_FULL_ALLOCATION,[1358.0],1358.0,1366.0,"[1340.0, 1332.0]",1340.0,1332.0,False,False,False,True,0.96,False,CURATED_PILOT,ASSISTANT_CURATED_RULE_REVIEW,fdf2fc1a3e977e40,2026-05-29T03:34:13.083Z
PILOT-284,train,6a224a11109e0591bbf6e7f0,SELL SBIN @994 SL 1006 TGT 982-972,SELL SBIN @994 SL 1006 TGT 982-972,NSE,INDIA_EQUITY,TRADE_ACTION,OPEN_SHORT,SINGLE_INSTRUMENT,,SBIN,"[""SBIN""]",,,,SHORT,100.0,MODEL_ALLOCATION,,DEFAULT_FULL_ALLOCATION,[994.0],994.0,1006.0,"[982.0, 972.0]",982.0,972.0,False,False,False,True,0.96,False,CURATED_PILOT,ASSISTANT_CURATED_RULE_REVIEW,2081aa7fcd5fd3bd,2026-06-05T04:01:21.191Z
PILOT-180,train,6a1ff5d159359ea1faef1a3e,SELL SBIN @979 SL 988 TGT 952- 942,SELL SBIN @979 SL 988 TGT 952- 942,NSE,INDIA_EQUITY,TRADE_ACTION,OPEN_SHORT,SINGLE_INSTRUMENT,,SBIN,"[""SBIN""]",,,,SHORT,100.0,MODEL_ALLOCATION,,DEFAULT_FULL_ALLOCATION,[979.0],979.0,988.0,"[952.0, 942.0]",952.0,942.0,False,False,False,True,0.96,False,CURATED_PILOT,ASSISTANT_CURATED_RULE_REVIEW,dc8925775b295a81,2026-06-03T09:37:21.168Z
PILOT-286,train,6a2679f6109e0591bbf72b55,50% SELL CRUDEMINI @9100 SL 9200 TGT 8800-8600,50% SELL CRUDEMINI @9100 SL 9200 TGT 8800-8600,MCX,INDIA_COMMODITY,TRADE_ACTION,OPEN_SHORT,SINGLE_INSTRUMENT,,CRUDE_MINI,"[""CRUDE_MINI""]",,,,SHORT,50.0,MODEL_ALLOCATION,,EXPLICIT_PERCENT,[9100.0],9100.0,9200.0,"[8800.0, 8600.0]",8800.0,8600.0,False,False,False,True,0.97,False,CURATED_PILOT,ASSISTANT_CURATED_RULE_REVIEW,ff85e43ea14d6670,2026-06-08T08:14:46.339Z
PILOT-252,train,6a1e9df759359ea1faeeeba7,SELL INFY @1268 SL 1281 TGT 1230-1200,SELL INFY @1268 SL 1281 TGT 1230-1200,NSE,INDIA_EQUITY,TRADE_ACTION,OPEN_SHORT,SINGLE_INSTRUMENT,,INFY,"[""INFY""]",,,,SHORT,100.0,MODEL_ALLOCATION,,DEFAULT_FULL_ALLOCATION,[1268.0],1268.0,1281.0,"[1230.0, 1200.0]",1230.0,1200.0,False,False,False,True,0.96,False,CURATED_PILOT,ASSISTANT_CURATED_RULE_REVIEW,ff30567e74c4e963,2026-06-02T09:10:15.669Z
PILOT-010,train,6a166eefdfef2e015044d1ee,SELL TMPV @385 SL 393 TGT 372-362,SELL TMPV @385 SL 393 TGT 372-362,NSE,INDIA_EQUITY,TRADE_ACTION,OPEN_SHORT,SINGLE_INSTRUMENT,,TMPV,"[""TMPV""]",,,,SHORT,100.0,MODEL_ALLOCATION,,DEFAULT_FULL_ALLOCATION,[385.0],385.0,393.0,"[372.0, 362.0]",372.0,362.0,False,False,False,True,0.96,False,CURATED_PILOT,ASSISTANT_CURATED_RULE_REVIEW,f6f379fe189fd2f8,2026-05-27T04:11:27.548Z
PILOT-082,train,6a1519d6835de84db36987fa,SELL HINDALCO(JUNE) @1114 SL 1125  TGT 1100-1082,SELL HINDALCO(JUNE) @1114 SL 1125 TGT 1100-1082,NSE,INDIA_EQUITY,TRADE_ACTION,OPEN_SHORT,SINGLE_INSTRUMENT,,HINDALCO,"[""HINDALCO""]",JUN,,,SHORT,100.0,MODEL_ALLOCATION,,DEFAULT_FULL_ALLOCATION,[1114.0],1114.0,1125.0,"[1100.0, 1082.0]",1100.0,1082.0,False,False,False,True,0.96,False,CURATED_PILOT,ASSISTANT_CURATED_RULE_REVIEW,aa0f51689662cbc8,2026-05-26T03:56:06.079Z
PILOT-127,train,6a19ecde59359ea1faeeb857,Sell Russell @ 2919 with SL 2943 for target 2882-2856,Sell Russell @ 2919 with SL 2943 for target 2882-2856,International Market,GLOBAL_INDEX_OR_MACRO,TRADE_ACTION,OPEN_SHORT,SINGLE_INSTRUMENT,,RUSSELL,"[""RUSSELL""]",,,,SHORT,100.0,MODEL_ALLOCATION,,DEFAULT_FULL_ALLOCATION,[2919.0],2919.0,2943.0,"[2882.0, 2856.0]",2882.0,2856.0,False,False,False,True,0.96,False,CURATED_PILOT,ASSISTANT_CURATED_RULE_REVIEW,948efc7e48b9193d,2026-05-29T19:45:34.271Z
PILOT-298,train,6a3d45c156a63e397cfcdffc,Day traders 50% Profit book in copper @ 6.05,Day traders 50% Profit book in copper @ 6.05,International Market,GLOBAL_COMMODITY,TRADE_ACTION,REDUCE_POSITION,SINGLE_INSTRUMENT,,COPPER,"[""COPPER""]",,,,,50.0,CURRENT_HOLDING,0.5,EXPLICIT_PERCENT,[6.05],6.05,,[],,,False,False,False,True,0.99,False,CURATED_PILOT,ASSISTANT_CURATED_RULE_REVIEW,51cd6c91f3889758,2026-06-25T15:14:09.407Z
PILOT-233,train,6a2bd060b0b2fbc3f68c5d88,50% PROFIT BOOK IN ADANIPORTS@1821,50% PROFIT BOOK IN ADANIPORTS @1821,NSE,INDIA_EQUITY,TRADE_ACTION,REDUCE_POSITION,SINGLE_INSTRUMENT,,ADANIPORTS,"[""ADANIPORTS""]",,,,,50.0,CURRENT_HOLDING,0.5,EXPLICIT_PERCENT,[1821.0],1821.0,,[],,,False,False,False,True,0.99,False,CURATED_PILOT,ASSISTANT_CURATED_RULE_REVIEW,740305d160295c68,2026-06-12T09:24:48.766Z
PILOT-050,train,6a15a152dfef2e015044c01d,Book 50% profit in AVGO @ 425,Book 50% profit in AVGO @ 425,International Market,GLOBAL_EQUITY,TRADE_ACTION,REDUCE_POSITION,SINGLE_INSTRUMENT,,AVGO,"[""AVGO""]",,,,,50.0,CURRENT_HOLDING,0.5,EXPLICIT_PERCENT,[425.0],425.0,,[],,,False,False,False,True,0.99,False,CURATED_PILOT,ASSISTANT_CURATED_RULE_REVIEW,a671740167f3c41b,2026-05-26T13:34:10.067Z
PILOT-203,train,6a13db2f835de84db3697955,50% PROFIT BOOK IN RBLBANK @345.50,50% PROFIT BOOK IN RBLBANK @345.50,NSE,INDIA_EQUITY,TRADE_ACTION,REDUCE_POSITION,SINGLE_INSTRUMENT,,RBLBANK,"[""RBLBANK""]",,,,,50.0,CURRENT_HOLDING,0.5,EXPLICIT_PERCENT,[345.5],345.5,,[],,,False,False,False,True,0.99,False,CURATED_PILOT,ASSISTANT_CURATED_RULE_REVIEW,e924b3b31011835b,2026-05-25T05:16:31.580Z
PILOT-051,train,6a34d1ce1226b8e7029df167,50% PROFIT BOOK IN LAURUSLABS@1400,50% PROFIT BOOK IN LAURUSLABS @1400,NSE,INDIA_EQUITY,TRADE_ACTION,REDUCE_POSITION,SINGLE_INSTRUMENT,,LAURUSLABS,"[""LAURUSLABS""]",,,,,50.0,CURRENT_HOLDING,0.5,EXPLICIT_PERCENT,[1400.0],1400.0,,[],,,False,False,False,True,0.99,False,CURATED_PILOT,ASSISTANT_CURATED_RULE_REVIEW,19f9ea48ef439ba6,2026-06-19T05:21:18.806Z
PILOT-222,train,6a38bdd01226b8e7029e3872,50% PROFIT BOOK IN PFC@438.25,50% PROFIT BOOK IN PFC @438.25,NSE,INDIA_EQUITY,TRADE_ACTION,REDUCE_POSITION,SINGLE_INSTRUMENT,,PFC,"[""PFC""]",,,,,50.0,CURRENT_HOLDING,0.5,EXPLICIT_PERCENT,[438.25],438.25,,[],,,False,False,False,True,0.99,False,CURATED_PILOT,ASSISTANT_CURATED_RULE_REVIEW,7ddd5341a88b48d0,2026-06-22T04:45:04.105Z
PILOT-083,train,6a34d8331226b8e7029df348,50% PROFIT BOOK IN AMBER@7855,50% PROFIT BOOK IN AMBER @7855,NSE,INDIA_EQUITY,TRADE_ACTION,REDUCE_POSITION,SINGLE_INSTRUMENT,,AMBER,"[""AMBER""]",,,,,50.0,CURRENT_HOLDING,0.5,EXPLICIT_PERCENT,[7855.0],7855.0,,[],,,False,False,False,True,0.99,False,CURATED_PILOT,ASSISTANT_CURATED_RULE_REVIEW,b955b94b53381a6a,2026-06-19T05:48:35.318Z
PILOT-206,train,6a3ccb7056a63e397cfcc283,50% PROFIT BOOK IN AXISBANK@1392,50% PROFIT BOOK IN AXISBANK @1392,NSE,INDIA_EQUITY,TRADE_ACTION,REDUCE_POSITION,SINGLE_INSTRUMENT,,AXISBANK,"[""AXISBANK""]",,,,,50.0,CURRENT_HOLDING,0.5,EXPLICIT_PERCENT,[1392.0],1392.0,,[],,,False,False,False,True,0.99,False,CURATED_PILOT,ASSISTANT_CURATED_RULE_REVIEW,f6d1ab97fca91f30,2026-06-25T06:32:16.447Z
PILOT-280,train,6a393b4a1226b8e7029e626c,Book 50% profit in smci @ 34.10,Book 50% profit in smci @ 34.10,International Market,GLOBAL_EQUITY,TRADE_ACTION,REDUCE_POSITION,SINGLE_INSTRUMENT,,SMCI,"[""SMCI""]",,,,,50.0,CURRENT_HOLDING,0.5,EXPLICIT_PERCENT,[34.1],34.1,,[],,,False,False,False,True,0.99,False,CURATED_PILOT,ASSISTANT_CURATED_RULE_REVIEW,db286886e168dd65,2026-06-22T13:40:26.848Z
PILOT-087,train,6a2180f4109e0591bbf6d8f1,Book part profit in copper July @6.55,Book part profit in copper July @6.55,International Market,GLOBAL_COMMODITY,TRADE_ACTION,REDUCE_POSITION,SINGLE_INSTRUMENT,,COPPER,"[""COPPER""]",JUL,,,,25.0,CURRENT_HOLDING,0.75,PART_PROFIT_RULE,[6.55],6.55,,[],,,False,False,False,True,0.99,False,CURATED_PILOT,ASSISTANT_CURATED_RULE_REVIEW,3133d82d027dea85,2026-06-04T13:43:16.341Z
PILOT-135,train,6a227e72109e0591bbf6f579,50% PROFIT BOOK IN SBIN @985.60,50% PROFIT BOOK IN SBIN @985.60,NSE,INDIA_EQUITY,TRADE_ACTION,REDUCE_POSITION,SINGLE_INSTRUMENT,,SBIN,"[""SBIN""]",,,,,50.0,CURRENT_HOLDING,0.5,EXPLICIT_PERCENT,[985.6],985.6,,[],,,False,False,False,True,0.99,False,CURATED_PILOT,ASSISTANT_CURATED_RULE_REVIEW,5d1c3165f99ff048,2026-06-05T07:44:50.575Z
PILOT-100,train,6a2f786db0b2fbc3f68c8604,PART PROFIT BOOK IN SILVERBEES@237,PART PROFIT BOOK IN SILVERBEES @237,NSE,INDIA_EQUITY,TRADE_ACTION,REDUCE_POSITION,SINGLE_INSTRUMENT,,SILVERBEES,"[""SILVERBEES""]",,,,,25.0,CURRENT_HOLDING,0.75,PART_PROFIT_RULE,[237.0],237.0,,[],,,False,False,False,True,0.99,False,CURATED_PILOT,ASSISTANT_CURATED_RULE_REVIEW,2e1c5f3655b51171,2026-06-15T03:58:37.134Z
PILOT-003,train,6a1faae859359ea1faef0d23,50% PROFIT BOOK IN M&M @3048,50% PROFIT BOOK IN M&M @3048,NSE,INDIA_EQUITY,TRADE_ACTION,REDUCE_POSITION,SINGLE_INSTRUMENT,,M&M,"[""M&M""]",,,,,50.0,CURRENT_HOLDING,0.5,EXPLICIT_PERCENT,[3048.0],3048.0,,[],,,False,False,False,True,0.99,False,CURATED_PILOT,ASSISTANT_CURATED_RULE_REVIEW,da50989caceb732e,2026-06-03T04:17:44.252Z
PILOT-124,train,6a1feae359359ea1faef1837,50% PROFIT BOOK IN BHARATFORG @1959,50% PROFIT BOOK IN BHARATFORG @1959,NSE,INDIA_EQUITY,TRADE_ACTION,REDUCE_POSITION,SINGLE_INSTRUMENT,,BHARATFORG,"[""BHARATFORG""]",,,,,50.0,CURRENT_HOLDING,0.5,EXPLICIT_PERCENT,[1959.0],1959.0,,[],,,False,False,False,True,0.99,False,CURATED_PILOT,ASSISTANT_CURATED_RULE_REVIEW,560f2345728cebec,2026-06-03T08:50:43.775Z
PILOT-282,train,6a278da0109e0591bbf747d9,50% PROFIT BOOK IN KOTAKBANK @381,50% PROFIT BOOK IN KOTAKBANK @381,NSE,INDIA_EQUITY,TRADE_ACTION,REDUCE_POSITION,SINGLE_INSTRUMENT,,KOTAKBANK,"[""KOTAKBANK""]",,,,,50.0,CURRENT_HOLDING,0.5,EXPLICIT_PERCENT,[381.0],381.0,,[],,,False,False,False,True,0.99,False,CURATED_PILOT,ASSISTANT_CURATED_RULE_REVIEW,197184c44818ef13,2026-06-09T03:50:56.953Z
PILOT-107,train,6a27e7e9109e0591bbf76129,Book 50% profit in s&p500 @ 7440,Book 50% profit in s&p500 @ 7440,International Market,GLOBAL_INDEX_OR_MACRO,TRADE_ACTION,REDUCE_POSITION,SINGLE_INSTRUMENT,,SP500,"[""SP500""]",,,,,50.0,CURRENT_HOLDING,0.5,EXPLICIT_PERCENT,[7440.0],7440.0,,[],,,False,False,False,True,0.99,False,CURATED_PILOT,ASSISTANT_CURATED_RULE_REVIEW,bdbb3f205d86597f,2026-06-09T10:16:09.203Z
PILOT-078,train,6a2b8195b0b2fbc3f68c3cde,50% PROFIT BOOK IN BAJAJAUTO @10210,50% PROFIT BOOK IN BAJAJAUTO @10210,NSE,INDIA_EQUITY,TRADE_ACTION,REDUCE_POSITION,SINGLE_INSTRUMENT,,BAJAJAUTO,"[""BAJAJAUTO""]",,,,,50.0,CURRENT_HOLDING,0.5,EXPLICIT_PERCENT,[10210.0],10210.0,,[],,,False,False,False,True,0.99,False,CURATED_PILOT,ASSISTANT_CURATED_RULE_REVIEW,7b00c08da2b48f39,2026-06-12T03:48:37.088Z
PILOT-058,train,6a2b81efb0b2fbc3f68c3d4b,50% PROFIT BOOK IN HDFCBANK @747,50% PROFIT BOOK IN HDFCBANK @747,NSE,INDIA_EQUITY,TRADE_ACTION,REDUCE_POSITION,SINGLE_INSTRUMENT,,HDFCBANK,"[""HDFCBANK""]",,,,,50.0,CURRENT_HOLDING,0.5,EXPLICIT_PERCENT,[747.0],747.0,,[],,,False,False,False,True,0.99,False,CURATED_PILOT,ASSISTANT_CURATED_RULE_REVIEW,923e712b103e1e82,2026-06-12T03:50:07.348Z
PILOT-074,train,6a26a4ad109e0591bbf73365,50% Profit Book in crude@92.26,50% Profit Book in crude @92.26,International Market,GLOBAL_COMMODITY,TRADE_ACTION,REDUCE_POSITION,SINGLE_INSTRUMENT,,CRUDE,"[""CRUDE""]",,,,,50.0,CURRENT_HOLDING,0.5,EXPLICIT_PERCENT,[92.26],92.26,,[],,,False,False,False,True,0.99,False,CURATED_PILOT,ASSISTANT_CURATED_RULE_REVIEW,01d15257b9969bef,2026-06-08T11:17:01.133Z
PILOT-116,train,6a3d67f456a63e397cfce958,50% Part Profit Book in SOXL@ 257,50% Part Profit Book in SOXL @ 257,International Market,GLOBAL_EQUITY,TRADE_ACTION,REDUCE_POSITION,SINGLE_INSTRUMENT,,SOXL,"[""SOXL""]",,,,,50.0,CURRENT_HOLDING,0.5,EXPLICIT_PERCENT,[257.0],257.0,,[],,,False,False,False,True,0.99,False,CURATED_PILOT,ASSISTANT_CURATED_RULE_REVIEW,7b5d23371ac149a7,2026-06-25T17:40:04.118Z
PILOT-266,train,6a2278bd109e0591bbf6f459,PART PROFIT BOOK IN NIFTY @23431,PART PROFIT BOOK IN NIFTY @23431,Indian Indices,INDIA_INDEX,TRADE_ACTION,REDUCE_POSITION,SINGLE_INSTRUMENT,,NIFTY,"[""NIFTY""]",,,,,25.0,CURRENT_HOLDING,0.75,PART_PROFIT_RULE,[23431.0],23431.0,,[],,,False,False,False,True,0.99,False,CURATED_PILOT,ASSISTANT_CURATED_RULE_REVIEW,bcec6496af95c532,2026-06-05T07:20:29.924Z
PILOT-002,train,6a218ab0109e0591bbf6daf2,Book 50% profit in Russell @2920,Book 50% profit in Russell @2920,International Market,GLOBAL_INDEX_OR_MACRO,TRADE_ACTION,REDUCE_POSITION,SINGLE_INSTRUMENT,,RUSSELL,"[""RUSSELL""]",,,,,50.0,CURRENT_HOLDING,0.5,EXPLICIT_PERCENT,[2920.0],2920.0,,[],,,False,False,False,True,0.99,False,CURATED_PILOT,ASSISTANT_CURATED_RULE_REVIEW,c971777a858f3f77,2026-06-04T14:24:48.400Z
PILOT-270,train,6a1d7c2659359ea1faeeccf6,50% Profit Book in NG@ 3.22,50% Profit Book in NG @ 3.22,International Market,GLOBAL_COMMODITY,TRADE_ACTION,REDUCE_POSITION,SINGLE_INSTRUMENT,,NATURAL_GAS,"[""NATURAL_GAS""]",,,,,50.0,CURRENT_HOLDING,0.5,EXPLICIT_PERCENT,[3.22],3.22,,[],,,False,False,False,True,0.99,False,CURATED_PILOT,ASSISTANT_CURATED_RULE_REVIEW,664fab6540c8633a,2026-06-01T12:33:42.240Z
PILOT-133,train,6a28e4e1109e0591bbf78142,50% PROFIT BOOK IN ADANIPORTS @1835,50% PROFIT BOOK IN ADANIPORTS @1835,NSE,INDIA_EQUITY,TRADE_ACTION,REDUCE_POSITION,SINGLE_INSTRUMENT,,ADANIPORTS,"[""ADANIPORTS""]",,,,,50.0,CURRENT_HOLDING,0.5,EXPLICIT_PERCENT,[1835.0],1835.0,,[],,,False,False,False,True,0.99,False,CURATED_PILOT,ASSISTANT_CURATED_RULE_REVIEW,7640ed50b0f57008,2026-06-10T04:15:29.027Z
PILOT-026,train,6a187d6a59359ea1faee9a77,Book 50% profit in PLTR @141.50,Book 50% profit in PLTR @141.50,International Market,GLOBAL_EQUITY,TRADE_ACTION,REDUCE_POSITION,SINGLE_INSTRUMENT,,PLTR,"[""PLTR""]",,,,,50.0,CURRENT_HOLDING,0.5,EXPLICIT_PERCENT,[141.5],141.5,,[],,,False,False,False,True,0.99,False,CURATED_PILOT,ASSISTANT_CURATED_RULE_REVIEW,23605deca5a503c3,2026-05-28T17:37:46.221Z
PILOT-042,train,6a3cf13d56a63e397cfcc899,PART PROFIT BOOK IN NIFTY@24084,PART PROFIT BOOK IN NIFTY @24084,Indian Indices,INDIA_INDEX,TRADE_ACTION,REDUCE_POSITION,SINGLE_INSTRUMENT,,NIFTY,"[""NIFTY""]",,,,,25.0,CURRENT_HOLDING,0.75,PART_PROFIT_RULE,[24084.0],24084.0,,[],,,False,False,False,True,0.99,False,CURATED_PILOT,ASSISTANT_CURATED_RULE_REVIEW,b1f23d24d77791da,2026-06-25T09:13:33.011Z
PILOT-110,train,6a19972f59359ea1faeeafee,50% Profit Book in AVGO@ 441,50% Profit Book in AVGO @ 441,International Market,GLOBAL_EQUITY,TRADE_ACTION,REDUCE_POSITION,SINGLE_INSTRUMENT,,AVGO,"[""AVGO""]",,,,,50.0,CURRENT_HOLDING,0.5,EXPLICIT_PERCENT,[441.0],441.0,,[],,,False,False,False,True,0.99,False,CURATED_PILOT,ASSISTANT_CURATED_RULE_REVIEW,16426381640b9f7e,2026-05-29T13:39:59.385Z
PILOT-230,train,6a203e3059359ea1faef2185,Book 50% profit in SNDK @ 1788,Book 50% profit in SNDK @ 1788,International Market,GLOBAL_EQUITY,TRADE_ACTION,REDUCE_POSITION,SINGLE_INSTRUMENT,,SNDK,"[""SNDK""]",,,,,50.0,CURRENT_HOLDING,0.5,EXPLICIT_PERCENT,[1788.0],1788.0,,[],,,False,False,False,True,0.99,False,CURATED_PILOT,ASSISTANT_CURATED_RULE_REVIEW,6e62f95b945f2dd7,2026-06-03T14:46:08.798Z
PILOT-068,train,6a2bb3c1b0b2fbc3f68c4a94,50% PROFIT BOOK IN SBIN @1006,50% PROFIT BOOK IN SBIN @1006,NSE,INDIA_EQUITY,TRADE_ACTION,REDUCE_POSITION,SINGLE_INSTRUMENT,,SBIN,"[""SBIN""]",,,,,50.0,CURRENT_HOLDING,0.5,EXPLICIT_PERCENT,[1006.0],1006.0,,[],,,False,False,False,True,0.99,False,CURATED_PILOT,ASSISTANT_CURATED_RULE_REVIEW,2d058720f890dbb0,2026-06-12T07:22:41.755Z
PILOT-178,train,6a185a7659359ea1faee92cc,Book 50% profit in soxl @225.39,Book 50% profit in soxl @225.39,International Market,GLOBAL_EQUITY,TRADE_ACTION,REDUCE_POSITION,SINGLE_INSTRUMENT,,SOXL,"[""SOXL""]",,,,,50.0,CURRENT_HOLDING,0.5,EXPLICIT_PERCENT,[225.39],225.39,,[],,,False,False,False,True,0.99,False,CURATED_PILOT,ASSISTANT_CURATED_RULE_REVIEW,d1ba43d890368269,2026-05-28T15:08:38.397Z
PILOT-274,train,6a2bc3c2b0b2fbc3f68c5831,50% PROFIT BOOK IN MANAPPURAM@305,50% PROFIT BOOK IN MANAPPURAM @305,NSE,INDIA_EQUITY,TRADE_ACTION,REDUCE_POSITION,SINGLE_INSTRUMENT,,MANAPPURAM,"[""MANAPPURAM""]",,,,,50.0,CURRENT_HOLDING,0.5,EXPLICIT_PERCENT,[305.0],305.0,,[],,,False,False,False,True,0.99,False,CURATED_PILOT,ASSISTANT_CURATED_RULE_REVIEW,06c0eca7474089e9,2026-06-12T08:30:58.759Z
PILOT-111,train,6a1858d959359ea1faee91e3,Book 50% profit in silver @266300,Book 50% profit in silver @266300,MCX,INDIA_COMMODITY,TRADE_ACTION,REDUCE_POSITION,SINGLE_INSTRUMENT,,SILVER,"[""SILVER""]",,,,,50.0,CURRENT_HOLDING,0.5,EXPLICIT_PERCENT,[266300.0],266300.0,,[],,,False,False,False,True,0.99,False,CURATED_PILOT,ASSISTANT_CURATED_RULE_REVIEW,e13694cedd6ac506,2026-05-28T15:01:45.256Z
PILOT-080,train,6a1e2a3e59359ea1faeed6a3,50% Profit Book in crude@ 92.28,50% Profit Book in crude @ 92.28,International Market,GLOBAL_COMMODITY,TRADE_ACTION,REDUCE_POSITION,SINGLE_INSTRUMENT,,CRUDE,"[""CRUDE""]",,,,,50.0,CURRENT_HOLDING,0.5,EXPLICIT_PERCENT,[92.28],92.28,,[],,,False,False,False,True,0.99,False,CURATED_PILOT,ASSISTANT_CURATED_RULE_REVIEW,82d5d8bbe69b2843,2026-06-02T00:56:30.797Z
PILOT-028,train,6a15a639dfef2e015044c188,Book 50% profit in AMAT @ 448,Book 50% profit in AMAT @ 448,International Market,GLOBAL_EQUITY,TRADE_ACTION,REDUCE_POSITION,SINGLE_INSTRUMENT,,AMAT,"[""AMAT""]",,,,,50.0,CURRENT_HOLDING,0.5,EXPLICIT_PERCENT,[448.0],448.0,,[],,,False,False,False,True,0.99,False,CURATED_PILOT,ASSISTANT_CURATED_RULE_REVIEW,9056f7f1bd5932fe,2026-05-26T13:55:05.720Z
PILOT-006,train,6a33fb911226b8e7029dc52c,Book 50% profit in nasdaq @30255,Book 50% profit in nasdaq @30255,International Market,GLOBAL_INDEX_OR_MACRO,TRADE_ACTION,REDUCE_POSITION,SINGLE_INSTRUMENT,,NASDAQ,"[""NASDAQ""]",,,,,50.0,CURRENT_HOLDING,0.5,EXPLICIT_PERCENT,[30255.0],30255.0,,[],,,False,False,False,True,0.99,False,CURATED_PILOT,ASSISTANT_CURATED_RULE_REVIEW,125bde316dd14f89,2026-06-18T14:07:13.283Z
PILOT-173,train,6a296e2c109e0591bbf79717,Book part profit in DELL @ 392,Book part profit in DELL @ 392,International Market,GLOBAL_EQUITY,TRADE_ACTION,REDUCE_POSITION,SINGLE_INSTRUMENT,,DELL,"[""DELL""]",,,,,25.0,CURRENT_HOLDING,0.75,PART_PROFIT_RULE,[392.0],392.0,,[],,,False,False,False,True,0.99,False,CURATED_PILOT,ASSISTANT_CURATED_RULE_REVIEW,aeb0cf35ebdaa2ab,2026-06-10T14:01:16.792Z
PILOT-105,train,6a13e532835de84db36979c1,50% PROFIT BOOK IN CONCOR(JUNE) @515.70,50% PROFIT BOOK IN CONCOR(JUNE) @515.70,NSE,INDIA_EQUITY,TRADE_ACTION,REDUCE_POSITION,SINGLE_INSTRUMENT,,CONCOR,"[""CONCOR""]",JUN,,,,50.0,CURRENT_HOLDING,0.5,EXPLICIT_PERCENT,[515.7],515.7,,[],,,False,False,False,True,0.99,False,CURATED_PILOT,ASSISTANT_CURATED_RULE_REVIEW,523ebc32b7031f76,2026-05-25T05:59:14.087Z
PILOT-200,train,6a184e0659359ea1faee8dee,Book 50% profit in gold @156330,Book 50% profit in gold @156330,MCX,INDIA_COMMODITY,TRADE_ACTION,REDUCE_POSITION,SINGLE_INSTRUMENT,,GOLD,"[""GOLD""]",,,,,50.0,CURRENT_HOLDING,0.5,EXPLICIT_PERCENT,[156330.0],156330.0,,[],,,False,False,False,True,0.99,False,CURATED_PILOT,ASSISTANT_CURATED_RULE_REVIEW,14c44cbfc92dd799,2026-05-28T14:15:34.404Z
PILOT-161,train,6a3935571226b8e7029e5e6a,Book 50% profit in amd @ 544.30,Book 50% profit in amd @ 544.30,International Market,GLOBAL_EQUITY,TRADE_ACTION,REDUCE_POSITION,SINGLE_INSTRUMENT,,AMD,"[""AMD""]",,,,,50.0,CURRENT_HOLDING,0.5,EXPLICIT_PERCENT,[544.3],544.3,,[],,,False,False,False,True,0.99,False,CURATED_PILOT,ASSISTANT_CURATED_RULE_REVIEW,b1d01a4eb814caa6,2026-06-22T13:15:03.047Z
PILOT-034,train,6a1518a3835de84db36987e2,50% PROFIT BOOK IN LICHSFIN @546.50,50% PROFIT BOOK IN LICHSFIN @546.50,NSE,INDIA_EQUITY,TRADE_ACTION,REDUCE_POSITION,SINGLE_INSTRUMENT,,LICHSGFIN,"[""LICHSGFIN""]",,,,,50.0,CURRENT_HOLDING,0.5,EXPLICIT_PERCENT,[546.5],546.5,,[],,,False,False,False,True,0.99,False,CURATED_PILOT,ASSISTANT_CURATED_RULE_REVIEW,f38c143c56fa20d2,2026-05-26T03:50:59.791Z
PILOT-278,train,6a1fa37c59359ea1faef0903,50% PROFIT BOOK IN BANKNIFTY @53780,50% PROFIT BOOK IN BANKNIFTY @53780,NSE,INDIA_EQUITY,TRADE_ACTION,REDUCE_POSITION,SINGLE_INSTRUMENT,,BANKNIFTY,"[""BANKNIFTY""]",,,,,50.0,CURRENT_HOLDING,0.5,EXPLICIT_PERCENT,[53780.0],53780.0,,[],,,False,False,False,True,0.99,False,CURATED_PILOT,ASSISTANT_CURATED_RULE_REVIEW,3228bf95c3fdb630,2026-06-03T03:46:04.983Z
PILOT-119,train,6a2af21db0b2fbc3f68c2f56,Book 50% profit in crude @ 86.85,Book 50% profit in crude @ 86.85,International Market,GLOBAL_COMMODITY,TRADE_ACTION,REDUCE_POSITION,SINGLE_INSTRUMENT,,CRUDE,"[""CRUDE""]",,,,,50.0,CURRENT_HOLDING,0.5,EXPLICIT_PERCENT,[86.85],86.85,,[],,,False,False,False,True,0.99,False,CURATED_PILOT,ASSISTANT_CURATED_RULE_REVIEW,24a8977a7190a568,2026-06-11T17:36:29.153Z
PILOT-020,train,6a225a83109e0591bbf6ed72,50% PROFIT BOOK IN SBIN @983,50% PROFIT BOOK IN SBIN @983,NSE,INDIA_EQUITY,TRADE_ACTION,REDUCE_POSITION,SINGLE_INSTRUMENT,,SBIN,"[""SBIN""]",,,,,50.0,CURRENT_HOLDING,0.5,EXPLICIT_PERCENT,[983.0],983.0,,[],,,False,False,False,True,0.99,False,CURATED_PILOT,ASSISTANT_CURATED_RULE_REVIEW,c0328dc92d15b61b,2026-06-05T05:11:31.241Z
PILOT-216,train,6a21c419109e0591bbf6dec2,Book part profit in nasdaq @30531,Book part profit in nasdaq @30531,International Market,GLOBAL_INDEX_OR_MACRO,TRADE_ACTION,REDUCE_POSITION,SINGLE_INSTRUMENT,,NASDAQ,"[""NASDAQ""]",,,,,25.0,CURRENT_HOLDING,0.75,PART_PROFIT_RULE,[30531.0],30531.0,,[],,,False,False,False,True,0.99,False,CURATED_PILOT,ASSISTANT_CURATED_RULE_REVIEW,d6801140d59da479,2026-06-04T18:29:45.773Z
PILOT-089,train,6a33f69d1226b8e7029dc35b,Book 50% profit in sndk @2110,Book 50% profit in sndk @2110,International Market,GLOBAL_EQUITY,TRADE_ACTION,REDUCE_POSITION,SINGLE_INSTRUMENT,,SNDK,"[""SNDK""]",,,,,50.0,CURRENT_HOLDING,0.5,EXPLICIT_PERCENT,[2110.0],2110.0,,[],,,False,False,False,True,0.99,False,CURATED_PILOT,ASSISTANT_CURATED_RULE_REVIEW,13818b10433a072b,2026-06-18T13:46:05.218Z
PILOT-144,train,6a28fe81109e0591bbf78778,50% PROFIT BOOK IN UNIONBANK @168.60,50% PROFIT BOOK IN UNIONBANK @168.60,NSE,INDIA_EQUITY,TRADE_ACTION,REDUCE_POSITION,SINGLE_INSTRUMENT,,UNIONBANK,"[""UNIONBANK""]",,,,,50.0,CURRENT_HOLDING,0.5,EXPLICIT_PERCENT,[168.6],168.6,,[],,,False,False,False,True,0.99,False,CURATED_PILOT,ASSISTANT_CURATED_RULE_REVIEW,0d0190b1abfdf77a,2026-06-10T06:04:49.621Z
PILOT-059,train,6a1857d859359ea1faee918a,Book part profit in silver @74.85,Book part profit in silver @74.85,International Market,GLOBAL_COMMODITY,TRADE_ACTION,REDUCE_POSITION,SINGLE_INSTRUMENT,,SILVER,"[""SILVER""]",,,,,25.0,CURRENT_HOLDING,0.75,PART_PROFIT_RULE,[74.85],74.85,,[],,,False,False,False,True,0.99,False,CURATED_PILOT,ASSISTANT_CURATED_RULE_REVIEW,84197c95e2d925a4,2026-05-28T14:57:28.435Z
PILOT-195,train,6a21bc80109e0591bbf6de0a,Book part profit in nasdaq @30500,Book part profit in nasdaq @30500,International Market,GLOBAL_INDEX_OR_MACRO,TRADE_ACTION,REDUCE_POSITION,SINGLE_INSTRUMENT,,NASDAQ,"[""NASDAQ""]",,,,,25.0,CURRENT_HOLDING,0.75,PART_PROFIT_RULE,[30500.0],30500.0,,[],,,False,False,False,True,0.99,False,CURATED_PILOT,ASSISTANT_CURATED_RULE_REVIEW,9076ee7159289d46,2026-06-04T17:57:20.204Z
PILOT-033,train,6a155901c97cad0ea3252625,Book part profit in crude @92.77,Book part profit in crude @92.77,International Market,GLOBAL_COMMODITY,TRADE_ACTION,REDUCE_POSITION,SINGLE_INSTRUMENT,,CRUDE,"[""CRUDE""]",,,,,25.0,CURRENT_HOLDING,0.75,PART_PROFIT_RULE,[92.77],92.77,,[],,,False,False,False,True,0.99,False,CURATED_PILOT,ASSISTANT_CURATED_RULE_REVIEW,35ad2a5ae3b268fe,2026-05-26T08:25:37.942Z
PILOT-086,train,6a217fba109e0591bbf6d757,Day traders book part profit in silver July @75.07,Day traders book part profit in silver July @75.07,International Market,GLOBAL_COMMODITY,TRADE_ACTION,REDUCE_POSITION,SINGLE_INSTRUMENT,,SILVER,"[""SILVER""]",JUL,,,,25.0,CURRENT_HOLDING,0.75,PART_PROFIT_RULE,[75.07],75.07,,[],,,False,False,False,True,0.99,False,CURATED_PILOT,ASSISTANT_CURATED_RULE_REVIEW,0f2cd886f657f11a,2026-06-04T13:38:02.227Z
PILOT-049,train,6a3b8b4d1226b8e7029efaae,50% PROFIT BOOK IN NIFTY @24071,50% PROFIT BOOK IN NIFTY @24071,Indian Indices,INDIA_INDEX,TRADE_ACTION,REDUCE_POSITION,SINGLE_INSTRUMENT,,NIFTY,"[""NIFTY""]",,,,,50.0,CURRENT_HOLDING,0.5,EXPLICIT_PERCENT,[24071.0],24071.0,,[],,,False,False,False,True,0.99,False,CURATED_PILOT,ASSISTANT_CURATED_RULE_REVIEW,9342ff32209d2ce1,2026-06-24T07:46:21.555Z
PILOT-277,train,6a2c237fb0b2fbc3f68c70fc,Book part profit in mrvl @ 286.00,Book part profit in mrvl @ 286.00,International Market,GLOBAL_EQUITY,TRADE_ACTION,REDUCE_POSITION,SINGLE_INSTRUMENT,,MRVL,"[""MRVL""]",,,,,25.0,CURRENT_HOLDING,0.75,PART_PROFIT_RULE,[286.0],286.0,,[],,,False,False,False,True,0.99,False,CURATED_PILOT,ASSISTANT_CURATED_RULE_REVIEW,783a89225b9b4c96,2026-06-12T15:19:27.788Z
PILOT-007,train,6a3b92c51226b8e7029efd43,50% PROFIT BOOK IN FEDERALBANK@327,50% PROFIT BOOK IN FEDERALBANK @327,NSE,INDIA_EQUITY,TRADE_ACTION,REDUCE_POSITION,SINGLE_INSTRUMENT,,FEDERALBANK,"[""FEDERALBANK""]",,,,,50.0,CURRENT_HOLDING,0.5,EXPLICIT_PERCENT,[327.0],327.0,,[],,,False,False,False,True,0.99,False,CURATED_PILOT,ASSISTANT_CURATED_RULE_REVIEW,f6b1fc105a1e55eb,2026-06-24T08:18:13.928Z
PILOT-251,train,6a38b2a31226b8e7029e2d2d,50% PROFIT BOOK IN NIFTY (STRIKE 24000/ JUNE)CE@ 255,50% PROFIT BOOK IN NIFTY (STRIKE 24000/ JUNE)CE @ 255,Indian Indices,INDIA_INDEX,TRADE_ACTION,REDUCE_POSITION,SINGLE_INSTRUMENT,,NIFTY,"[""NIFTY""]",JUN,24000,CE,,50.0,CURRENT_HOLDING,0.5,EXPLICIT_PERCENT,[255.0],255.0,,[],,,False,False,False,True,0.99,False,CURATED_PILOT,ASSISTANT_CURATED_RULE_REVIEW,9e87fdf667b066e9,2026-06-22T03:57:23.772Z
PILOT-292,train,6a15b9b7dfef2e015044c620,2nd tgt touch in SNDK,2nd tgt touch in SNDK,International Market,GLOBAL_EQUITY,TRADE_UPDATE,TARGET_HIT,SINGLE_INSTRUMENT,,SNDK,"[""SNDK""]",,,,,,NONE,,NOT_APPLICABLE,[],,,[],,,False,False,False,False,0.96,False,CURATED_PILOT,ASSISTANT_CURATED_RULE_REVIEW,0aa21f37c1a62413,2026-05-26T15:18:15.212Z
PILOT-069,train,6a229989109e0591bbf6fc89,POSITIONAL TRADERS HOLD GOLD WITH SL 156400,POSITIONAL TRADERS HOLD GOLD WITH SL 156400,MCX,INDIA_COMMODITY,TRADE_UPDATE,UPDATE_STOP_LOSS,SINGLE_INSTRUMENT,,GOLD,"[""GOLD""]",,,,,,NONE,,NOT_APPLICABLE,[],,156400.0,[],,,False,False,False,True,0.99,False,CURATED_PILOT,ASSISTANT_CURATED_RULE_REVIEW,a0ee373a46a47bbb,2026-06-05T09:40:25.216Z
PILOT-231,train,6a3cb59f56a63e397cfcc075,HOLD PFC WITH SL 430,HOLD PFC WITH SL 430,NSE,INDIA_EQUITY,TRADE_UPDATE,UPDATE_STOP_LOSS,SINGLE_INSTRUMENT,,PFC,"[""PFC""]",,,,,,NONE,,NOT_APPLICABLE,[],,430.0,[],,,False,False,False,True,0.99,False,CURATED_PILOT,ASSISTANT_CURATED_RULE_REVIEW,e4689f5f1c3068da,2026-06-25T04:59:11.251Z
PILOT-250,train,6a2653e6109e0591bbf7247f,HOLD SILVER WITH SL 240000,HOLD SILVER WITH SL 240000,MCX,INDIA_COMMODITY,TRADE_UPDATE,UPDATE_STOP_LOSS,SINGLE_INSTRUMENT,,SILVER,"[""SILVER""]",,,,,,NONE,,NOT_APPLICABLE,[],,240000.0,[],,,False,False,False,True,0.99,False,CURATED_PILOT,ASSISTANT_CURATED_RULE_REVIEW,c9d56149b14c8a8c,2026-06-08T05:32:22.947Z
PILOT-184,train,6a13ccf8835de84db369734e,HOLD RBLBANK WITH SL 335,HOLD RBLBANK WITH SL 335,NSE,INDIA_EQUITY,TRADE_UPDATE,UPDATE_STOP_LOSS,SINGLE_INSTRUMENT,,RBLBANK,"[""RBLBANK""]",,,,,,NONE,,NOT_APPLICABLE,[],,335.0,[],,,False,False,False,True,0.99,False,CURATED_PILOT,ASSISTANT_CURATED_RULE_REVIEW,a4d6ece5550b0925,2026-05-25T04:15:52.960Z
PILOT-255,train,6a152f4a835de84db36989ed,HOLD CONCOR WITH SL 480,HOLD CONCOR WITH SL 480,NSE,INDIA_EQUITY,TRADE_UPDATE,UPDATE_STOP_LOSS,SINGLE_INSTRUMENT,,CONCOR,"[""CONCOR""]",,,,,,NONE,,NOT_APPLICABLE,[],,480.0,[],,,False,False,False,True,0.99,False,CURATED_PILOT,ASSISTANT_CURATED_RULE_REVIEW,804851425b0d207e,2026-05-26T05:27:38.493Z
PILOT-012,train,6a3b50411226b8e7029ee521,HOLD SILVER WITH SL 222000,HOLD SILVER WITH SL 222000,MCX,INDIA_COMMODITY,TRADE_UPDATE,UPDATE_STOP_LOSS,SINGLE_INSTRUMENT,,SILVER,"[""SILVER""]",,,,,,NONE,,NOT_APPLICABLE,[],,222000.0,[],,,False,False,False,True,0.99,False,CURATED_PILOT,ASSISTANT_CURATED_RULE_REVIEW,6bc17a699e726b4b,2026-06-24T03:34:25.714Z
PILOT-187,train,6a3a288c1226b8e7029ea2a6,Hold s&p500 with SL 7360,Hold s&p500 with SL 7360,International Market,GLOBAL_INDEX_OR_MACRO,TRADE_UPDATE,UPDATE_STOP_LOSS,SINGLE_INSTRUMENT,,SP500,"[""SP500""]",,,,,,NONE,,NOT_APPLICABLE,[],,7360.0,[],,,False,False,False,True,0.99,False,CURATED_PILOT,ASSISTANT_CURATED_RULE_REVIEW,30026b228a96f958,2026-06-23T06:32:44.955Z
PILOT-046,train,6a293430109e0591bbf78eb2,HOLD COPPER WITH SL 1308,HOLD COPPER WITH SL 1308,MCX,INDIA_COMMODITY,TRADE_UPDATE,UPDATE_STOP_LOSS,SINGLE_INSTRUMENT,,COPPER,"[""COPPER""]",,,,,,NONE,,NOT_APPLICABLE,[],,1308.0,[],,,False,False,False,True,0.99,False,CURATED_PILOT,ASSISTANT_CURATED_RULE_REVIEW,8f62b2bba6766776,2026-06-10T09:53:52.527Z
PILOT-066,train,6a166968dfef2e015044ce54,HOLD HINDALCO WITH SL 1151,HOLD HINDALCO WITH SL 1151,NSE,INDIA_EQUITY,TRADE_UPDATE,UPDATE_STOP_LOSS,SINGLE_INSTRUMENT,,HINDALCO,"[""HINDALCO""]",,,,,,NONE,,NOT_APPLICABLE,[],,1151.0,[],,,False,False,False,True,0.99,False,CURATED_PILOT,ASSISTANT_CURATED_RULE_REVIEW,2232874e36109f11,2026-05-27T03:47:52.896Z
PILOT-219,train,6a1684dfdfef2e015044d744,HOLD GOLD WITH SL 156700,HOLD GOLD WITH SL 156700,MCX,INDIA_COMMODITY,TRADE_UPDATE,UPDATE_STOP_LOSS,SINGLE_INSTRUMENT,,GOLD,"[""GOLD""]",,,,,,NONE,,NOT_APPLICABLE,[],,156700.0,[],,,False,False,False,True,0.99,False,CURATED_PILOT,ASSISTANT_CURATED_RULE_REVIEW,3670e7e3c548e930,2026-05-27T05:45:03.730Z
PILOT-227,train,6a226927109e0591bbf6f033,HOLD COPPER WITH SL 1351,HOLD COPPER WITH SL 1351,MCX,INDIA_COMMODITY,TRADE_UPDATE,UPDATE_STOP_LOSS,SINGLE_INSTRUMENT,,COPPER,"[""COPPER""]",,,,,,NONE,,NOT_APPLICABLE,[],,1351.0,[],,,False,False,False,True,0.99,False,CURATED_PILOT,ASSISTANT_CURATED_RULE_REVIEW,dcc21d092fde7d59,2026-06-05T06:13:59.036Z
PILOT-285,train,6a3caee256a63e397cfcbf0d,HOLD REST 50% FEDERALBANK WITH SL 323,HOLD REST 50% FEDERALBANK WITH SL 323,NSE,INDIA_EQUITY,TRADE_UPDATE,UPDATE_STOP_LOSS,SINGLE_INSTRUMENT,,FEDERALBANK,"[""FEDERALBANK""]",,,,,,NONE,,NOT_APPLICABLE,[],,323.0,[],,,False,False,False,True,0.99,False,CURATED_PILOT,ASSISTANT_CURATED_RULE_REVIEW,0f88eb314d7a9f03,2026-06-25T04:30:26.230Z
PILOT-126,train,6a19b47659359ea1faeeb609,Hold gold aug with closing basis sl 4633 for next week,Hold gold aug with closing basis sl 4633 for next week,International Market,GLOBAL_COMMODITY,TRADE_UPDATE,UPDATE_STOP_LOSS,SINGLE_INSTRUMENT,,GOLD,"[""GOLD""]",AUG,,,,,NONE,,NOT_APPLICABLE,[],,4633.0,[],,,False,False,False,True,0.99,False,CURATED_PILOT,ASSISTANT_CURATED_RULE_REVIEW,adf449752a437da7,2026-05-29T15:44:54.738Z
PILOT-194,train,6a3a587c1226b8e7029eb054,HOLD NIFTY WITH SL 23780,HOLD NIFTY WITH SL 23780,Indian Indices,INDIA_INDEX,TRADE_UPDATE,UPDATE_STOP_LOSS,SINGLE_INSTRUMENT,,NIFTY,"[""NIFTY""]",,,,,,NONE,,NOT_APPLICABLE,[],,23780.0,[],,,False,False,False,True,0.99,False,CURATED_PILOT,ASSISTANT_CURATED_RULE_REVIEW,63388305650b1e4a,2026-06-23T09:57:16.785Z
PILOT-159,train,6a1d408459359ea1faeec89d,HOLD KOTAKBANK WITH SL 378,HOLD KOTAKBANK WITH SL 378,NSE,INDIA_EQUITY,TRADE_UPDATE,UPDATE_STOP_LOSS,SINGLE_INSTRUMENT,,KOTAKBANK,"[""KOTAKBANK""]",,,,,,NONE,,NOT_APPLICABLE,[],,378.0,[],,,False,False,False,True,0.99,False,CURATED_PILOT,ASSISTANT_CURATED_RULE_REVIEW,31718a215324e54c,2026-06-01T08:19:16.640Z
PILOT-182,train,6a2b7e8fb0b2fbc3f68c3b04,HOLD CRUDE MINI WITH SL 8140,HOLD CRUDE MINI WITH SL 8140,MCX,INDIA_COMMODITY,TRADE_UPDATE,UPDATE_STOP_LOSS,SINGLE_INSTRUMENT,,CRUDE_MINI,"[""CRUDE_MINI""]",,,,,,NONE,,NOT_APPLICABLE,[],,8140.0,[],,,False,False,False,True,0.99,False,CURATED_PILOT,ASSISTANT_CURATED_RULE_REVIEW,05d4e72247032767,2026-06-12T03:35:43.025Z
PILOT-294,train,6a1d449b59359ea1faeec8df,HOLD NIFTY WITH SL 23450,HOLD NIFTY WITH SL 23450,NSE,INDIA_EQUITY,TRADE_UPDATE,UPDATE_STOP_LOSS,SINGLE_INSTRUMENT,,NIFTY,"[""NIFTY""]",,,,,,NONE,,NOT_APPLICABLE,[],,23450.0,[],,,False,False,False,True,0.99,False,CURATED_PILOT,ASSISTANT_CURATED_RULE_REVIEW,7b73203d8a1a0a78,2026-06-01T08:36:43.507Z
PILOT-071,train,6a1cfff459359ea1faeebe09,WAIT FOR BUYING TOMORROW IN SILVER & GOLD,WAIT FOR BUYING TOMORROW IN SILVER & GOLD,MCX,INDIA_COMMODITY,NON_TRADE,WAIT_NO_ACTION,MULTI_INSTRUMENT,,,"[""GOLD"", ""SILVER""]",,,,,,NONE,,NOT_APPLICABLE,[],,,[],,,False,True,True,False,0.95,False,CURATED_PILOT,ASSISTANT_CURATED_RULE_REVIEW,28d26f7462309c74,2026-06-01T03:43:48.574Z
PILOT-004,train,6a283c5f109e0591bbf77543,Wait for Friday to take fresh positions in indices.,Wait for Friday to take fresh positions in indices.,International Market,GLOBAL_EQUITY,NON_TRADE,WAIT_NO_ACTION,NONE,,,[],,,,,,NONE,,NOT_APPLICABLE,[],,,[],,,False,False,False,False,0.95,False,CURATED_PILOT,ASSISTANT_CURATED_RULE_REVIEW,2769c6ebf73cd69d,2026-06-09T16:16:31.357Z
