observed_alias,canonical_symbol,occurrence_count,normalization_status
AAPL,AAPL,5,OBSERVED_AND_MAPPED
ADANIENT,ADANIENT,7,OBSERVED_AND_MAPPED
ADANIPORTS,ADANIPORTS,7,OBSERVED_AND_MAPPED
ALUMINI,ALUMINIUM,4,OBSERVED_AND_MAPPED
ALUMINIUM,ALUMINIUM,1,OBSERVED_AND_MAPPED
AMAT,AMAT,8,OBSERVED_AND_MAPPED
AMBER,AMBER,5,OBSERVED_AND_MAPPED
AMD,AMD,23,OBSERVED_AND_MAPPED
AMSC,AMSC,1,OBSERVED_AND_MAPPED
APP,APP,1,OBSERVED_AND_MAPPED
ARM,ARM,2,OBSERVED_AND_MAPPED
ASHOKLEY,ASHOKLEY,4,OBSERVED_AND_MAPPED
ASIANPAINT,ASIANPAINT,3,OBSERVED_AND_MAPPED
ASML,ASML,5,OBSERVED_AND_MAPPED
AVGO,AVGO,10,OBSERVED_AND_MAPPED
AXISBANK,AXISBANK,6,OBSERVED_AND_MAPPED
BAJAJ AUTO,BAJAJAUTO,1,OBSERVED_AND_MAPPED
BAJAJAUTO,BAJAJAUTO,3,OBSERVED_AND_MAPPED
BAJFINANCE,BAJFINANCE,2,OBSERVED_AND_MAPPED
BANDHANBANK,BANDHANBANK,3,OBSERVED_AND_MAPPED
BANKBARODA,BANKBARODA,1,OBSERVED_AND_MAPPED
BANKINDIA,BANKINDIA,1,OBSERVED_AND_MAPPED
BANKNIFTY,BANKNIFTY,27,OBSERVED_AND_MAPPED
BANKNNIFTY,BANKNNIFTY,1,OBSERVED_AND_MAPPED
BE,BE,6,OBSERVED_AND_MAPPED
BEL,BEL,8,OBSERVED_AND_MAPPED
BHARATFORG,BHARATFORG,3,OBSERVED_AND_MAPPED
BHARTIARTL,BHARTIARTL,8,OBSERVED_AND_MAPPED
BSE,BSE,3,OBSERVED_AND_MAPPED
CBRE,CBRE,2,OBSERVED_AND_MAPPED
CHOLAFIN,CHOLAFIN,1,OBSERVED_AND_MAPPED
CIPLA,CIPLA,3,OBSERVED_AND_MAPPED
COALINDIA,COALINDIA,1,OBSERVED_AND_MAPPED
CONCOR,CONCOR,5,OBSERVED_AND_MAPPED
COPPER,COPPER,55,OBSERVED_AND_MAPPED
COPPER JULY,COPPER,2,OBSERVED_AND_MAPPED
COPPER JUN,COPPER,1,OBSERVED_AND_MAPPED
CRDO,CRDO,4,OBSERVED_AND_MAPPED
CRUDE,CRUDE,39,OBSERVED_AND_MAPPED
CRUDE AUG,CRUDE,4,OBSERVED_AND_MAPPED
CRUDE M,CRUDE_MINI,1,OBSERVED_AND_MAPPED
CRUDE MINI,CRUDE_MINI,19,OBSERVED_AND_MAPPED
CRUDE OIL,CRUDE,1,OBSERVED_AND_MAPPED
CRUDE OIL MINI,CRUDE_MINI,1,OBSERVED_AND_MAPPED
CRUDE. EXIT,CRUDE,1,OBSERVED_AND_MAPPED
CRUDEM,CRUDE_MINI,2,OBSERVED_AND_MAPPED
CRUDEMINI,CRUDE_MINI,3,OBSERVED_AND_MAPPED
CRUDEOIL MINI,CRUDE_MINI,1,OBSERVED_AND_MAPPED
CRUDEOILM,CRUDE_MINI,7,OBSERVED_AND_MAPPED
CRUDEOILMINI,CRUDE_MINI,2,OBSERVED_AND_MAPPED
CRWD,CRWD,2,OBSERVED_AND_MAPPED
CRWV,CRWV,1,OBSERVED_AND_MAPPED
DASH/USD,DASHUSD,2,OBSERVED_AND_MAPPED
DELL,DELL,10,OBSERVED_AND_MAPPED
DIACABS,DIACABS,1,OBSERVED_AND_MAPPED
DLF,DLF,6,OBSERVED_AND_MAPPED
DOLLAR INDEX,DOLLAR_INDEX,1,OBSERVED_AND_MAPPED
DOW,DOW,19,OBSERVED_AND_MAPPED
DRREDDY,DRREDDY,3,OBSERVED_AND_MAPPED
EICHERMOT,EICHERMOT,1,OBSERVED_AND_MAPPED
ETERNAL,ETERNAL,4,OBSERVED_AND_MAPPED
EUR/USD,EURUSD,1,OBSERVED_AND_MAPPED
FEDERALBANK,FEDERALBANK,3,OBSERVED_AND_MAPPED
GEV,GEV,2,OBSERVED_AND_MAPPED
GLENMARK,GLENMARK,5,OBSERVED_AND_MAPPED
GODREJCP,GODREJCP,3,OBSERVED_AND_MAPPED
GOLD,GOLD,20,OBSERVED_AND_MAPPED
GOLD AUG,GOLD,14,OBSERVED_AND_MAPPED
GOLD JUN,GOLD,2,OBSERVED_AND_MAPPED
HDFCBANK,HDFCBANK,6,OBSERVED_AND_MAPPED
HDFCLIFE,HDFCLIFE,6,OBSERVED_AND_MAPPED
HINDALCO,HINDALCO,15,OBSERVED_AND_MAPPED
HINDPETRO,HINDPETRO,5,OBSERVED_AND_MAPPED
HINDUNILVER,HINDUNILVR,1,OBSERVED_AND_MAPPED
HOOD,HOOD,4,OBSERVED_AND_MAPPED
ICICIBANK,ICICIBANK,11,OBSERVED_AND_MAPPED
IDFCFIRSTB,IDFCFIRSTB,3,OBSERVED_AND_MAPPED
IEX,IEX,2,OBSERVED_AND_MAPPED
INDUSTOWER,INDUSTOWER,1,OBSERVED_AND_MAPPED
INFY,INFY,14,OBSERVED_AND_MAPPED
INTU,INTU,2,OBSERVED_AND_MAPPED
JSWSTEEL,JSWSTEEL,5,OBSERVED_AND_MAPPED
KOTAKBANK,KOTAKBANK,12,OBSERVED_AND_MAPPED
LAURUSLABS,LAURUSLABS,6,OBSERVED_AND_MAPPED
LICHSFIN,LICHSGFIN,1,OBSERVED_AND_MAPPED
LICHSGFIN,LICHSGFIN,3,OBSERVED_AND_MAPPED
LLY,LLY,1,OBSERVED_AND_MAPPED
LRCX,LRCX,1,OBSERVED_AND_MAPPED
LT,LT,8,OBSERVED_AND_MAPPED
M&M,M&M,5,OBSERVED_AND_MAPPED
MANAPPURAM,MANAPPURAM,1,OBSERVED_AND_MAPPED
MANNAPURUM,MANNAPURUM,1,OBSERVED_AND_MAPPED
MARUTI,MARUTI,3,OBSERVED_AND_MAPPED
MCX,MCX,1,OBSERVED_AND_MAPPED
MDB,MDB,3,OBSERVED_AND_MAPPED
MEESHO,MEESHO,1,OBSERVED_AND_MAPPED
META,META,1,OBSERVED_AND_MAPPED
MOTILALOFS,MOTILALOFS,4,OBSERVED_AND_MAPPED
MRVL,MRVL,8,OBSERVED_AND_MAPPED
MU,MU,18,OBSERVED_AND_MAPPED
NASDAQ,NASDAQ,35,OBSERVED_AND_MAPPED
NBIS,NBIS,4,OBSERVED_AND_MAPPED
NG,NATURAL_GAS,33,OBSERVED_AND_MAPPED
NG JULY,NATURAL_GAS,1,OBSERVED_AND_MAPPED
NIFTY,NIFTY,51,OBSERVED_AND_MAPPED
NIFTY (STRIKE,NIFTY_STRIKE,6,OBSERVED_AND_MAPPED
NOW,NOW,1,OBSERVED_AND_MAPPED
NVDA,NVDA,11,OBSERVED_AND_MAPPED
OKTA,OKTA,4,OBSERVED_AND_MAPPED
ONGC,ONGC,1,OBSERVED_AND_MAPPED
ORCL,ORCL,4,OBSERVED_AND_MAPPED
PANW,PANW,1,OBSERVED_AND_MAPPED
PFC,PFC,4,OBSERVED_AND_MAPPED
PLTR,PLTR,4,OBSERVED_AND_MAPPED
RBA,RBA,1,OBSERVED_AND_MAPPED
RBLBANK,RBLBANK,4,OBSERVED_AND_MAPPED
RELIANCE,RELIANCE,4,OBSERVED_AND_MAPPED
RKLB,RKLB,3,OBSERVED_AND_MAPPED
RUSSELL,RUSSELL,26,OBSERVED_AND_MAPPED
S&P,SP500,1,OBSERVED_AND_MAPPED
S&P 500,SP500,1,OBSERVED_AND_MAPPED
S&P500,SP500,21,OBSERVED_AND_MAPPED
SBIN,SBIN,26,OBSERVED_AND_MAPPED
SHRIRAMFIN,SHRIRAMFIN,2,OBSERVED_AND_MAPPED
SILVER,SILVER,19,OBSERVED_AND_MAPPED
SILVER JULY,SILVER,16,OBSERVED_AND_MAPPED
SILVERBEES,SILVERBEES,4,OBSERVED_AND_MAPPED
SMCI,SMCI,3,OBSERVED_AND_MAPPED
SNDK,SNDK,21,OBSERVED_AND_MAPPED
SNOW,SNOW,1,OBSERVED_AND_MAPPED
SOXL,SOXL,14,OBSERVED_AND_MAPPED
SPCX,SPCX,1,OBSERVED_AND_MAPPED
STX,STX,8,OBSERVED_AND_MAPPED
SUNPHARMA,SUNPHARMA,1,OBSERVED_AND_MAPPED
SWIGGY,SWIGGY,1,OBSERVED_AND_MAPPED
TATASTEEL,TATASTEEL,10,OBSERVED_AND_MAPPED
TCS,TCS,3,OBSERVED_AND_MAPPED
TMPV,TMPV,21,OBSERVED_AND_MAPPED
ULTRACEMCO,ULTRACEMCO,1,OBSERVED_AND_MAPPED
UNIONBANK,UNIONBANK,16,OBSERVED_AND_MAPPED
UPL,UPL,2,OBSERVED_AND_MAPPED
US 30 Y T BOND,US_30Y_T_BOND,1,OBSERVED_AND_MAPPED
US 30Y T BOND,US_30Y_T_BOND,2,OBSERVED_AND_MAPPED
US COFFEE,US_COFFEE,2,OBSERVED_AND_MAPPED
VEDL,VEDL,5,OBSERVED_AND_MAPPED
VSAT,VSAT,1,OBSERVED_AND_MAPPED
VX,VIX,7,OBSERVED_AND_MAPPED
WDC,WDC,8,OBSERVED_AND_MAPPED
WIPRO,WIPRO,16,OBSERVED_AND_MAPPED
XOM,XOM,1,OBSERVED_AND_MAPPED
