source_message_id,raw_text,normalized_text,verified action label,verified symbol,direction,percentage,quantity basis,entry prices,stop loss,targets,original ml action,original ml confidence,original rule action,original final action,original parser prediction json,final human-reviewed event json,changed fields,reviewer,human decision,whether parser prediction was correct,parser version,model version,review timestamp,label classification
acceptance-001,SELL 50% NIFTY,SELL 50% NIFTY,REDUCE_POSITION,NIFTY,SHORT,50,CURRENT_HOLDING,[],,[],OPEN_SHORT,0.6199510319346242,REDUCE_POSITION,REDUCE_POSITION,"{
  ""source_message_id"": ""acceptance-001"",
  ""raw_text"": ""SELL 50% NIFTY"",
  ""normalized_text"": ""SELL 50% NIFTY"",
  ""record_type"": ""TRADE_ACTION"",
  ""ml_action"": ""OPEN_SHORT"",
  ""ml_confidence"": 0.6199510319346242,
  ""rule_action"": ""REDUCE_POSITION"",
  ""final_action"": ""REDUCE_POSITION"",
  ""resolution_source"": ""RULE"",
  ""symbol_raw"": ""NIFTY"",
  ""symbol"": ""NIFTY"",
  ""symbols"": [
    ""NIFTY""
  ],
  ""market_group"": ""Indices"",
  ""contract_month"": null,
  ""strike_price"": null,
  ""option_type"": null,
  ""direction"": ""SHORT"",
  ""quantity_percent"": ""50"",
  ""quantity_basis"": ""CURRENT_HOLDING"",
  ""remaining_holding_multiplier"": ""0.5"",
  ""execution_prices"": [],
  ""execution_price_primary"": null,
  ""stop_loss"": null,
  ""targets"": [],
  ""is_correction"": false,
  ""is_conditional"": false,
  ""is_multi_instrument"": false,
  ""requires_context"": false,
  ""parent_source_message_id"": null,
  ""child_event_index"": null,
  ""related_source_message_id"": null,
  ""supersedes_event_id"": null,
  ""cancels_event_id"": null,
  ""auto_apply_eligible"": true,
  ""needs_review"": false,
  ""validation_errors"": [],
  ""validation_warnings"": []
}",,,AcceptanceReviewer,APPROVED,YES,v1,v1,2026-07-01T04:53:08.255655+00:00,human-reviewed training candidate
acceptance-002,SELL 50% NIFTY,SELL 50% NIFTY,REDUCE_POSITION,NIFTY,SHORT,50,CURRENT_HOLDING,[],,[],OPEN_SHORT,0.6199510319346242,REDUCE_POSITION,REDUCE_POSITION,"{
  ""source_message_id"": ""acceptance-002"",
  ""raw_text"": ""SELL 50% NIFTY"",
  ""normalized_text"": ""SELL 50% NIFTY"",
  ""record_type"": ""TRADE_ACTION"",
  ""ml_action"": ""OPEN_SHORT"",
  ""ml_confidence"": 0.6199510319346242,
  ""rule_action"": ""REDUCE_POSITION"",
  ""final_action"": ""REDUCE_POSITION"",
  ""resolution_source"": ""RULE"",
  ""symbol_raw"": ""NIFTY"",
  ""symbol"": ""NIFTY"",
  ""symbols"": [
    ""NIFTY""
  ],
  ""market_group"": ""Indices"",
  ""contract_month"": null,
  ""strike_price"": null,
  ""option_type"": null,
  ""direction"": ""SHORT"",
  ""quantity_percent"": ""50"",
  ""quantity_basis"": ""CURRENT_HOLDING"",
  ""remaining_holding_multiplier"": ""0.5"",
  ""execution_prices"": [],
  ""execution_price_primary"": null,
  ""stop_loss"": null,
  ""targets"": [],
  ""is_correction"": false,
  ""is_conditional"": false,
  ""is_multi_instrument"": false,
  ""requires_context"": false,
  ""parent_source_message_id"": null,
  ""child_event_index"": null,
  ""related_source_message_id"": null,
  ""supersedes_event_id"": null,
  ""cancels_event_id"": null,
  ""auto_apply_eligible"": true,
  ""needs_review"": false,
  ""validation_errors"": [],
  ""validation_warnings"": []
}",,,AcceptanceReviewer,APPROVED,YES,v1,v1,2026-07-01T04:53:08.285492+00:00,human-reviewed training candidate
acceptance-reval-latest,SELL 20% NIFTY,SELL 20% NIFTY,REDUCE_POSITION,NIFTY,SHORT,20,CURRENT_HOLDING,[],,[],OPEN_SHORT,0.5549620920050097,REDUCE_POSITION,REDUCE_POSITION,"{
  ""source_message_id"": ""acceptance-reval-latest"",
  ""raw_text"": ""SELL 20% NIFTY"",
  ""normalized_text"": ""SELL 20% NIFTY"",
  ""record_type"": ""TRADE_ACTION"",
  ""ml_action"": ""OPEN_SHORT"",
  ""ml_confidence"": 0.5549620920050097,
  ""rule_action"": ""REDUCE_POSITION"",
  ""final_action"": ""REDUCE_POSITION"",
  ""resolution_source"": ""RULE"",
  ""symbol_raw"": ""NIFTY"",
  ""symbol"": ""NIFTY"",
  ""symbols"": [
    ""NIFTY""
  ],
  ""market_group"": ""Indices"",
  ""contract_month"": null,
  ""strike_price"": null,
  ""option_type"": null,
  ""direction"": ""SHORT"",
  ""quantity_percent"": ""20"",
  ""quantity_basis"": ""CURRENT_HOLDING"",
  ""remaining_holding_multiplier"": ""0.8"",
  ""execution_prices"": [],
  ""execution_price_primary"": null,
  ""stop_loss"": null,
  ""targets"": [],
  ""is_correction"": false,
  ""is_conditional"": false,
  ""is_multi_instrument"": false,
  ""requires_context"": false,
  ""parent_source_message_id"": null,
  ""child_event_index"": null,
  ""related_source_message_id"": null,
  ""supersedes_event_id"": null,
  ""cancels_event_id"": null,
  ""auto_apply_eligible"": true,
  ""needs_review"": false,
  ""validation_errors"": [],
  ""validation_warnings"": []
}",,,AcceptanceReviewer,APPROVED,YES,v1,v1,2026-07-01T04:53:08.322181+00:00,human-reviewed training candidate
acceptance-reval-stale,SELL 50% NIFTY,SELL 50% NIFTY,REDUCE_POSITION,NIFTY,SHORT,50,CURRENT_HOLDING,[],,[],OPEN_SHORT,0.6199510319346242,REDUCE_POSITION,REDUCE_POSITION,"{
  ""source_message_id"": ""acceptance-reval-stale"",
  ""raw_text"": ""SELL 50% NIFTY"",
  ""normalized_text"": ""SELL 50% NIFTY"",
  ""record_type"": ""TRADE_ACTION"",
  ""ml_action"": ""OPEN_SHORT"",
  ""ml_confidence"": 0.6199510319346242,
  ""rule_action"": ""REDUCE_POSITION"",
  ""final_action"": ""REDUCE_POSITION"",
  ""resolution_source"": ""RULE"",
  ""symbol_raw"": ""NIFTY"",
  ""symbol"": ""NIFTY"",
  ""symbols"": [
    ""NIFTY""
  ],
  ""market_group"": ""Indices"",
  ""contract_month"": null,
  ""strike_price"": null,
  ""option_type"": null,
  ""direction"": ""SHORT"",
  ""quantity_percent"": ""50"",
  ""quantity_basis"": ""CURRENT_HOLDING"",
  ""remaining_holding_multiplier"": ""0.5"",
  ""execution_prices"": [],
  ""execution_price_primary"": null,
  ""stop_loss"": null,
  ""targets"": [],
  ""is_correction"": false,
  ""is_conditional"": false,
  ""is_multi_instrument"": false,
  ""requires_context"": false,
  ""parent_source_message_id"": null,
  ""child_event_index"": null,
  ""related_source_message_id"": null,
  ""supersedes_event_id"": null,
  ""cancels_event_id"": null,
  ""auto_apply_eligible"": true,
  ""needs_review"": false,
  ""validation_errors"": [],
  ""validation_warnings"": []
}",,,AcceptanceReviewer,APPROVED,YES,v1,v1,2026-07-01T04:53:08.332732+00:00,human-reviewed training candidate
acceptance-003,PART PROFIT BOOK IN NVDA,PART PROFIT BOOK IN NVDA,REDUCE_POSITION,NVDA,,50,CURRENT_HOLDING,[],,[],REDUCE_POSITION,0.4871564316729287,REDUCE_POSITION,REDUCE_POSITION,"{
  ""source_message_id"": ""acceptance-003"",
  ""raw_text"": ""PART PROFIT BOOK IN NVDA"",
  ""normalized_text"": ""PART PROFIT BOOK IN NVDA"",
  ""record_type"": ""TRADE_ACTION"",
  ""ml_action"": ""REDUCE_POSITION"",
  ""ml_confidence"": 0.4871564316729287,
  ""rule_action"": ""REDUCE_POSITION"",
  ""final_action"": ""REDUCE_POSITION"",
  ""resolution_source"": ""RULE_AND_ML_AGREE"",
  ""symbol_raw"": ""NVDA"",
  ""symbol"": ""NVDA"",
  ""symbols"": [
    ""NVDA""
  ],
  ""market_group"": ""Equity"",
  ""contract_month"": null,
  ""strike_price"": null,
  ""option_type"": null,
  ""direction"": null,
  ""quantity_percent"": ""25"",
  ""quantity_basis"": ""CURRENT_HOLDING"",
  ""remaining_holding_multiplier"": ""0.75"",
  ""execution_prices"": [],
  ""execution_price_primary"": null,
  ""stop_loss"": null,
  ""targets"": [],
  ""is_correction"": false,
  ""is_conditional"": false,
  ""is_multi_instrument"": false,
  ""requires_context"": false,
  ""parent_source_message_id"": null,
  ""child_event_index"": null,
  ""related_source_message_id"": null,
  ""supersedes_event_id"": null,
  ""cancels_event_id"": null,
  ""auto_apply_eligible"": true,
  ""needs_review"": false,
  ""validation_errors"": [],
  ""validation_warnings"": []
}","{
  ""source_message_id"": ""acceptance-003"",
  ""raw_text"": ""PART PROFIT BOOK IN NVDA"",
  ""normalized_text"": ""PART PROFIT BOOK IN NVDA"",
  ""record_type"": ""TRADE_ACTION"",
  ""ml_action"": ""REDUCE_POSITION"",
  ""ml_confidence"": 0.4871564316729287,
  ""rule_action"": ""REDUCE_POSITION"",
  ""final_action"": ""REDUCE_POSITION"",
  ""resolution_source"": ""RULE_AND_ML_AGREE"",
  ""symbol_raw"": ""NVDA"",
  ""symbol"": ""NVDA"",
  ""symbols"": [
    ""NVDA""
  ],
  ""market_group"": ""Equity"",
  ""contract_month"": null,
  ""strike_price"": null,
  ""option_type"": null,
  ""direction"": null,
  ""quantity_percent"": ""50"",
  ""quantity_basis"": ""CURRENT_HOLDING"",
  ""remaining_holding_multiplier"": ""0.75"",
  ""execution_prices"": [],
  ""execution_price_primary"": null,
  ""stop_loss"": null,
  ""targets"": [],
  ""is_correction"": false,
  ""is_conditional"": false,
  ""is_multi_instrument"": false,
  ""requires_context"": false,
  ""parent_source_message_id"": null,
  ""child_event_index"": null,
  ""related_source_message_id"": null,
  ""supersedes_event_id"": null,
  ""cancels_event_id"": null,
  ""auto_apply_eligible"": true,
  ""needs_review"": false,
  ""validation_errors"": [],
  ""validation_warnings"": []
}","{""quantity_percent"": {""from"": ""25"", ""to"": ""50""}}",AcceptanceReviewer,APPROVED_WITH_CORRECTION,NO,v1,v1,2026-07-01T04:53:08.356359+00:00,human-reviewed training candidate
acceptance-004,BUY 50% AMD @160,BUY 50% AMD @160,REJECTED,AMD,LONG,50,MODEL_ALLOCATION,"[""160""]",,[],OPEN_LONG,0.28405786771332026,OPEN_LONG,OPEN_LONG,"{
  ""source_message_id"": ""acceptance-004"",
  ""raw_text"": ""BUY 50% AMD @160"",
  ""normalized_text"": ""BUY 50% AMD @160"",
  ""record_type"": ""TRADE_ACTION"",
  ""ml_action"": ""OPEN_LONG"",
  ""ml_confidence"": 0.28405786771332026,
  ""rule_action"": ""OPEN_LONG"",
  ""final_action"": ""OPEN_LONG"",
  ""resolution_source"": ""RULE_AND_ML_AGREE"",
  ""symbol_raw"": ""AMD"",
  ""symbol"": ""AMD"",
  ""symbols"": [
    ""AMD""
  ],
  ""market_group"": ""Equity"",
  ""contract_month"": null,
  ""strike_price"": null,
  ""option_type"": null,
  ""direction"": ""LONG"",
  ""quantity_percent"": ""50"",
  ""quantity_basis"": ""MODEL_ALLOCATION"",
  ""remaining_holding_multiplier"": null,
  ""execution_prices"": [
    ""160""
  ],
  ""execution_price_primary"": ""160"",
  ""stop_loss"": null,
  ""targets"": [],
  ""is_correction"": false,
  ""is_conditional"": false,
  ""is_multi_instrument"": false,
  ""requires_context"": false,
  ""parent_source_message_id"": null,
  ""child_event_index"": null,
  ""related_source_message_id"": null,
  ""supersedes_event_id"": null,
  ""cancels_event_id"": null,
  ""auto_apply_eligible"": true,
  ""needs_review"": false,
  ""validation_errors"": [],
  ""validation_warnings"": []
}",,,AcceptanceReviewer,REJECTED,NO,v1,v1,2026-07-01T04:53:08.385159+00:00,human-reviewed training candidate
acceptance-nontrade,Market looks calm today,Market looks calm today,NON_TRADE,,,,UNKNOWN,[],,[],MARKET_COMMENTARY,0.15534884303323923,,MARKET_COMMENTARY,"{
  ""source_message_id"": ""acceptance-nontrade"",
  ""raw_text"": ""Market looks calm today"",
  ""normalized_text"": ""Market looks calm today"",
  ""record_type"": ""TRADE_ACTION"",
  ""ml_action"": ""MARKET_COMMENTARY"",
  ""ml_confidence"": 0.15534884303323923,
  ""rule_action"": null,
  ""final_action"": ""MARKET_COMMENTARY"",
  ""resolution_source"": ""ML"",
  ""symbol_raw"": null,
  ""symbol"": null,
  ""symbols"": [],
  ""market_group"": ""Commentary"",
  ""contract_month"": null,
  ""strike_price"": null,
  ""option_type"": null,
  ""direction"": null,
  ""quantity_percent"": null,
  ""quantity_basis"": ""UNKNOWN"",
  ""remaining_holding_multiplier"": null,
  ""execution_prices"": [],
  ""execution_price_primary"": null,
  ""stop_loss"": null,
  ""targets"": [],
  ""is_correction"": false,
  ""is_conditional"": false,
  ""is_multi_instrument"": false,
  ""requires_context"": false,
  ""parent_source_message_id"": null,
  ""child_event_index"": null,
  ""related_source_message_id"": null,
  ""supersedes_event_id"": null,
  ""cancels_event_id"": null,
  ""auto_apply_eligible"": false,
  ""needs_review"": true,
  ""validation_errors"": [],
  ""validation_warnings"": [
    ""Symbol missing; cannot auto-apply."",
    ""ML confidence 0.155 below review threshold 0.75.""
  ]
}",,,AcceptanceReviewer,NON_TRADE,NO,v1,v1,2026-07-01T04:53:08.408432+00:00,human-reviewed training candidate
acceptance-context,IF NIFTY BREAKS 26000 BUY,IF NIFTY BREAKS 26000 BUY,NEEDS_CONTEXT,NIFTY,LONG,,UNKNOWN,[],,[],OPEN_LONG,0.20744549701104922,CONDITIONAL_INSTRUCTION,CONDITIONAL_INSTRUCTION,"{
  ""source_message_id"": ""acceptance-context"",
  ""raw_text"": ""IF NIFTY BREAKS 26000 BUY"",
  ""normalized_text"": ""IF NIFTY BREAKS 26000 BUY"",
  ""record_type"": ""TRADE_CONTROL"",
  ""ml_action"": ""OPEN_LONG"",
  ""ml_confidence"": 0.20744549701104922,
  ""rule_action"": ""CONDITIONAL_INSTRUCTION"",
  ""final_action"": ""CONDITIONAL_INSTRUCTION"",
  ""resolution_source"": ""RULE"",
  ""symbol_raw"": ""NIFTY"",
  ""symbol"": ""NIFTY"",
  ""symbols"": [
    ""NIFTY""
  ],
  ""market_group"": ""Indices"",
  ""contract_month"": null,
  ""strike_price"": null,
  ""option_type"": null,
  ""direction"": ""LONG"",
  ""quantity_percent"": null,
  ""quantity_basis"": ""UNKNOWN"",
  ""remaining_holding_multiplier"": null,
  ""execution_prices"": [],
  ""execution_price_primary"": null,
  ""stop_loss"": null,
  ""targets"": [],
  ""is_correction"": false,
  ""is_conditional"": true,
  ""is_multi_instrument"": false,
  ""requires_context"": true,
  ""parent_source_message_id"": null,
  ""child_event_index"": null,
  ""related_source_message_id"": null,
  ""supersedes_event_id"": null,
  ""cancels_event_id"": null,
  ""auto_apply_eligible"": false,
  ""needs_review"": true,
  ""validation_errors"": [],
  ""validation_warnings"": []
}",,,AcceptanceReviewer,NEEDS_CONTEXT,NO,v1,v1,2026-07-01T04:53:08.425431+00:00,human-reviewed training candidate
acceptance-concurrent,BUY 10% MSFT @400,BUY 10% MSFT @400,OPEN_LONG,,LONG,10,MODEL_ALLOCATION,"[""400""]",,[],OPEN_LONG,0.31341207942521476,OPEN_LONG,OPEN_LONG,"{
  ""source_message_id"": ""acceptance-concurrent"",
  ""raw_text"": ""BUY 10% MSFT @400"",
  ""normalized_text"": ""BUY 10% MSFT @400"",
  ""record_type"": ""TRADE_ACTION"",
  ""ml_action"": ""OPEN_LONG"",
  ""ml_confidence"": 0.31341207942521476,
  ""rule_action"": ""OPEN_LONG"",
  ""final_action"": ""OPEN_LONG"",
  ""resolution_source"": ""RULE_AND_ML_AGREE"",
  ""symbol_raw"": null,
  ""symbol"": null,
  ""symbols"": [],
  ""market_group"": ""Equity"",
  ""contract_month"": null,
  ""strike_price"": null,
  ""option_type"": null,
  ""direction"": ""LONG"",
  ""quantity_percent"": ""10"",
  ""quantity_basis"": ""MODEL_ALLOCATION"",
  ""remaining_holding_multiplier"": null,
  ""execution_prices"": [
    ""400""
  ],
  ""execution_price_primary"": ""400"",
  ""stop_loss"": null,
  ""targets"": [],
  ""is_correction"": false,
  ""is_conditional"": false,
  ""is_multi_instrument"": false,
  ""requires_context"": false,
  ""parent_source_message_id"": null,
  ""child_event_index"": null,
  ""related_source_message_id"": null,
  ""supersedes_event_id"": null,
  ""cancels_event_id"": null,
  ""auto_apply_eligible"": false,
  ""needs_review"": true,
  ""validation_errors"": [
    ""Symbol is missing; cannot apply automatically.""
  ],
  ""validation_warnings"": [
    ""Symbol missing; cannot auto-apply.""
  ]
}",,,ReviewerA,APPROVED,YES,v1,v1,2026-07-01T04:53:08.467480+00:00,human-reviewed training candidate
